sample,fastq_1,fastq_2,strandedness
WT_YPD_none_Glucose_2_1440_none_1,/scratch/mblab/chasem/rnaseq_pipeline/scratch_sequence/run_1822_samples/run_1822_s_7_withindex_sequence.txt_TGTTTGT.fq.gz,,reverse
WT_YPD_none_Glucose_2_1440_none_2,/scratch/mblab/chasem/rnaseq_pipeline/scratch_sequence/run_1822_samples/run_1822_s_7_withindex_sequence.txt_TACATGG.fq.gz,,reverse
WT_Minimal_HisMetLeuUra_Glucose_0.001_-1_none_1,/scratch/mblab/chasem/rnaseq_pipeline/scratch_sequence/run_1822_samples/run_1822_s_7_withindex_sequence.txt_TGAGGTT.fq.gz,,reverse
WT_Minimal_HisMetLeuUra_Glucose_2_45_none_1,/scratch/mblab/chasem/rnaseq_pipeline/scratch_sequence/run_1822_samples/run_1822_s_7_withindex_sequence.txt_GCTTAGA.fq.gz,,reverse
WT_Minimal_HisMetLeuUra_Glucose_2_60_none_1,/scratch/mblab/chasem/rnaseq_pipeline/scratch_sequence/run_1822_samples/run_1822_s_7_withindex_sequence.txt_ATGACAG.fq.gz,,reverse
WT_Minimal_HisMetLeuUra_Glucose_2_90_none_1,/scratch/mblab/chasem/rnaseq_pipeline/scratch_sequence/run_1822_samples/run_1822_s_7_withindex_sequence.txt_CACCTCC.fq.gz,,reverse
WT_Minimal_HisMetLeuUra_Glucose_2_180_none_1,/scratch/mblab/chasem/rnaseq_pipeline/scratch_sequence/run_1822_samples/run_1822_s_7_withindex_sequence.txt_ATCGAGC.fq.gz,,reverse
WT_Minimal_HisMetLeuUra_Glucose_2_300_none_1,/scratch/mblab/chasem/rnaseq_pipeline/scratch_sequence/run_1822_samples/run_1822_s_7_withindex_sequence.txt_TACTCTA.fq.gz,,reverse
WT_Minimal_HisMetLeuUra_Glucose_0.001_-1_none_2,/scratch/mblab/chasem/rnaseq_pipeline/scratch_sequence/run_1822_samples/run_1822_s_7_withindex_sequence.txt_AGACTGA.fq.gz,,reverse
WT_Minimal_HisMetLeuUra_Glucose_2_45_none_2,/scratch/mblab/chasem/rnaseq_pipeline/scratch_sequence/run_1822_samples/run_1822_s_7_withindex_sequence.txt_CTTGGAA.fq.gz,,reverse
WT_Minimal_HisMetLeuUra_Glucose_2_60_none_2,/scratch/mblab/chasem/rnaseq_pipeline/scratch_sequence/run_1822_samples/run_1822_s_7_withindex_sequence.txt_CCGATTA.fq.gz,,reverse
WT_Minimal_HisMetLeuUra_Glucose_2_90_none_2,/scratch/mblab/chasem/rnaseq_pipeline/scratch_sequence/run_1822_samples/run_1822_s_7_withindex_sequence.txt_GGCAGCG.fq.gz,,reverse
WT_Minimal_HisMetLeuUra_Glucose_2_180_none_2,/scratch/mblab/chasem/rnaseq_pipeline/scratch_sequence/run_1822_samples/run_1822_s_7_withindex_sequence.txt_CCATCAT.fq.gz,,reverse
WT_Minimal_HisMetLeuUra_Glucose_2_300_none_2,/scratch/mblab/chasem/rnaseq_pipeline/scratch_sequence/run_1822_samples/run_1822_s_7_withindex_sequence.txt_TAACAAG.fq.gz,,reverse
WT_Minimal_HisMetLeuUra_Glucose_0.001_-1_none_3,/scratch/mblab/chasem/rnaseq_pipeline/scratch_sequence/run_1822_samples/run_1822_s_7_withindex_sequence.txt_GAGGCGT.fq.gz,,reverse
WT_Minimal_HisMetLeuUra_Glucose_2_30_none_1,/scratch/mblab/chasem/rnaseq_pipeline/scratch_sequence/run_1822_samples/run_1822_s_7_withindex_sequence.txt_TTTAACT.fq.gz,,reverse
WT_Minimal_HisMetLeuUra_Glucose_2_45_none_3,/scratch/mblab/chasem/rnaseq_pipeline/scratch_sequence/run_1822_samples/run_1822_s_7_withindex_sequence.txt_GGTCCTC.fq.gz,,reverse
WT_Minimal_HisMetLeuUra_Glucose_2_60_none_3,/scratch/mblab/chasem/rnaseq_pipeline/scratch_sequence/run_1822_samples/run_1822_s_7_withindex_sequence.txt_CGGTGGC.fq.gz,,reverse
WT_Minimal_HisMetLeuUra_Glucose_2_90_none_3,/scratch/mblab/chasem/rnaseq_pipeline/scratch_sequence/run_1822_samples/run_1822_s_7_withindex_sequence.txt_ACTGTCG.fq.gz,,reverse
WT_Minimal_HisMetLeuUra_Glucose_2_180_none_3,/scratch/mblab/chasem/rnaseq_pipeline/scratch_sequence/run_1822_samples/run_1822_s_7_withindex_sequence.txt_GTATTTG.fq.gz,,reverse
WT_Minimal_HisMetLeuUra_Glucose_2_300_none_3,/scratch/mblab/chasem/rnaseq_pipeline/scratch_sequence/run_1822_samples/run_1822_s_7_withindex_sequence.txt_GAGTACG.fq.gz,,reverse
WT_Minimal_HisMetLeuUra_Glucose_0.001_-1_none_4,/scratch/mblab/chasem/rnaseq_pipeline/scratch_sequence/run_1822_samples/run_1822_s_7_withindex_sequence.txt_ACAGATA.fq.gz,,reverse
WT_Minimal_HisMetLeuUra_Glucose_2_30_none_2,/scratch/mblab/chasem/rnaseq_pipeline/scratch_sequence/run_1822_samples/run_1822_s_7_withindex_sequence.txt_CTCAATG.fq.gz,,reverse
WT_Minimal_HisMetLeuUra_Glucose_2_45_none_4,/scratch/mblab/chasem/rnaseq_pipeline/scratch_sequence/run_1822_samples/run_1822_s_7_withindex_sequence.txt_AAATGCA.fq.gz,,reverse
WT_Minimal_HisMetLeuUra_Glucose_2_60_none_4,/scratch/mblab/chasem/rnaseq_pipeline/scratch_sequence/run_1822_samples/run_1822_s_7_withindex_sequence.txt_ACGCGGG.fq.gz,,reverse
WT_Minimal_HisMetLeuUra_Glucose_2_90_none_4,/scratch/mblab/chasem/rnaseq_pipeline/scratch_sequence/run_1822_samples/run_1822_s_7_withindex_sequence.txt_GGAGTCC.fq.gz,,reverse
WT_Minimal_HisMetLeuUra_Glucose_2_180_none_4,/scratch/mblab/chasem/rnaseq_pipeline/scratch_sequence/run_1822_samples/run_1822_s_7_withindex_sequence.txt_CGTCGCT.fq.gz,,reverse
WT_Minimal_HisMetLeuUra_Glucose_2_300_none_4,/scratch/mblab/chasem/rnaseq_pipeline/scratch_sequence/run_1822_samples/run_1822_s_7_withindex_sequence.txt_TCAACTG.fq.gz,,reverse
WT_YPD_none_Glucose_2_1440_none_3,/scratch/mblab/chasem/rnaseq_pipeline/scratch_sequence/run_1822_samples/run_1822_s_8_withindex_sequence.txt_TGTTTGT.fq.gz,,reverse
WT_YPD_none_Glucose_2_1440_none_4,/scratch/mblab/chasem/rnaseq_pipeline/scratch_sequence/run_1822_samples/run_1822_s_8_withindex_sequence.txt_TACATGG.fq.gz,,reverse
WT_Minimal_HisMetLeuUra_Glucose_0.001_-1_none_5,/scratch/mblab/chasem/rnaseq_pipeline/scratch_sequence/run_1822_samples/run_1822_s_8_withindex_sequence.txt_TGAGGTT.fq.gz,,reverse
WT_Minimal_HisMetLeuUra_Glucose_2_45_none_5,/scratch/mblab/chasem/rnaseq_pipeline/scratch_sequence/run_1822_samples/run_1822_s_8_withindex_sequence.txt_GCTTAGA.fq.gz,,reverse
WT_Minimal_HisMetLeuUra_Glucose_2_60_none_5,/scratch/mblab/chasem/rnaseq_pipeline/scratch_sequence/run_1822_samples/run_1822_s_8_withindex_sequence.txt_ATGACAG.fq.gz,,reverse
WT_Minimal_HisMetLeuUra_Glucose_2_90_none_5,/scratch/mblab/chasem/rnaseq_pipeline/scratch_sequence/run_1822_samples/run_1822_s_8_withindex_sequence.txt_CACCTCC.fq.gz,,reverse
WT_Minimal_HisMetLeuUra_Glucose_2_180_none_5,/scratch/mblab/chasem/rnaseq_pipeline/scratch_sequence/run_1822_samples/run_1822_s_8_withindex_sequence.txt_ATCGAGC.fq.gz,,reverse
WT_Minimal_HisMetLeuUra_Glucose_2_300_none_5,/scratch/mblab/chasem/rnaseq_pipeline/scratch_sequence/run_1822_samples/run_1822_s_8_withindex_sequence.txt_TACTCTA.fq.gz,,reverse
WT_Minimal_HisMetLeuUra_Glucose_0.001_-1_none_6,/scratch/mblab/chasem/rnaseq_pipeline/scratch_sequence/run_1822_samples/run_1822_s_8_withindex_sequence.txt_AGACTGA.fq.gz,,reverse
WT_Minimal_HisMetLeuUra_Glucose_2_45_none_6,/scratch/mblab/chasem/rnaseq_pipeline/scratch_sequence/run_1822_samples/run_1822_s_8_withindex_sequence.txt_CTTGGAA.fq.gz,,reverse
WT_Minimal_HisMetLeuUra_Glucose_2_60_none_6,/scratch/mblab/chasem/rnaseq_pipeline/scratch_sequence/run_1822_samples/run_1822_s_8_withindex_sequence.txt_CCGATTA.fq.gz,,reverse
WT_Minimal_HisMetLeuUra_Glucose_2_90_none_6,/scratch/mblab/chasem/rnaseq_pipeline/scratch_sequence/run_1822_samples/run_1822_s_8_withindex_sequence.txt_GGCAGCG.fq.gz,,reverse
WT_Minimal_HisMetLeuUra_Glucose_2_180_none_6,/scratch/mblab/chasem/rnaseq_pipeline/scratch_sequence/run_1822_samples/run_1822_s_8_withindex_sequence.txt_CCATCAT.fq.gz,,reverse
WT_Minimal_HisMetLeuUra_Glucose_2_300_none_6,/scratch/mblab/chasem/rnaseq_pipeline/scratch_sequence/run_1822_samples/run_1822_s_8_withindex_sequence.txt_TAACAAG.fq.gz,,reverse
WT_Minimal_HisMetLeuUra_Glucose_0.001_-1_none_7,/scratch/mblab/chasem/rnaseq_pipeline/scratch_sequence/run_1822_samples/run_1822_s_8_withindex_sequence.txt_GAGGCGT.fq.gz,,reverse
WT_Minimal_HisMetLeuUra_Glucose_2_30_none_3,/scratch/mblab/chasem/rnaseq_pipeline/scratch_sequence/run_1822_samples/run_1822_s_8_withindex_sequence.txt_TTTAACT.fq.gz,,reverse
WT_Minimal_HisMetLeuUra_Glucose_2_45_none_7,/scratch/mblab/chasem/rnaseq_pipeline/scratch_sequence/run_1822_samples/run_1822_s_8_withindex_sequence.txt_GGTCCTC.fq.gz,,reverse
WT_Minimal_HisMetLeuUra_Glucose_2_60_none_7,/scratch/mblab/chasem/rnaseq_pipeline/scratch_sequence/run_1822_samples/run_1822_s_8_withindex_sequence.txt_CGGTGGC.fq.gz,,reverse
WT_Minimal_HisMetLeuUra_Glucose_2_90_none_7,/scratch/mblab/chasem/rnaseq_pipeline/scratch_sequence/run_1822_samples/run_1822_s_8_withindex_sequence.txt_ACTGTCG.fq.gz,,reverse
WT_Minimal_HisMetLeuUra_Glucose_2_180_none_7,/scratch/mblab/chasem/rnaseq_pipeline/scratch_sequence/run_1822_samples/run_1822_s_8_withindex_sequence.txt_GTATTTG.fq.gz,,reverse
WT_Minimal_HisMetLeuUra_Glucose_2_300_none_7,/scratch/mblab/chasem/rnaseq_pipeline/scratch_sequence/run_1822_samples/run_1822_s_8_withindex_sequence.txt_GAGTACG.fq.gz,,reverse
WT_Minimal_HisMetLeuUra_Glucose_0.001_-1_none_8,/scratch/mblab/chasem/rnaseq_pipeline/scratch_sequence/run_1822_samples/run_1822_s_8_withindex_sequence.txt_ACAGATA.fq.gz,,reverse
WT_Minimal_HisMetLeuUra_Glucose_2_30_none_4,/scratch/mblab/chasem/rnaseq_pipeline/scratch_sequence/run_1822_samples/run_1822_s_8_withindex_sequence.txt_CTCAATG.fq.gz,,reverse
WT_Minimal_HisMetLeuUra_Glucose_2_45_none_8,/scratch/mblab/chasem/rnaseq_pipeline/scratch_sequence/run_1822_samples/run_1822_s_8_withindex_sequence.txt_AAATGCA.fq.gz,,reverse
WT_Minimal_HisMetLeuUra_Glucose_2_60_none_8,/scratch/mblab/chasem/rnaseq_pipeline/scratch_sequence/run_1822_samples/run_1822_s_8_withindex_sequence.txt_ACGCGGG.fq.gz,,reverse
WT_Minimal_HisMetLeuUra_Glucose_2_90_none_8,/scratch/mblab/chasem/rnaseq_pipeline/scratch_sequence/run_1822_samples/run_1822_s_8_withindex_sequence.txt_GGAGTCC.fq.gz,,reverse
WT_Minimal_HisMetLeuUra_Glucose_2_180_none_8,/scratch/mblab/chasem/rnaseq_pipeline/scratch_sequence/run_1822_samples/run_1822_s_8_withindex_sequence.txt_CGTCGCT.fq.gz,,reverse
WT_Minimal_HisMetLeuUra_Glucose_2_300_none_8,/scratch/mblab/chasem/rnaseq_pipeline/scratch_sequence/run_1822_samples/run_1822_s_8_withindex_sequence.txt_TCAACTG.fq.gz,,reverse
YBR033W_Minimal_HisMetLeuUra_Glucose_0.001_-1_none_1,/scratch/mblab/chasem/rnaseq_pipeline/scratch_sequence/run_1525_samples/1525_Brent_NN_Ind40_GTACGGC_S39_R1_001.fastq.gz,,reverse
YBR033W_Minimal_HisMetLeuUra_Glucose_0.001_-1_none_2,/scratch/mblab/chasem/rnaseq_pipeline/scratch_sequence/run_1525_samples/1525_Brent_OO_Ind41_TTGCCCC_S40_R1_001.fastq.gz,,reverse
YBR033W_Minimal_HisMetLeuUra_Glucose_2_45_none_1,/scratch/mblab/chasem/rnaseq_pipeline/scratch_sequence/run_1525_samples/1525_Brent_PP_Ind42_ACTCCAA_S41_R1_001.fastq.gz,,reverse
YBR033W_Minimal_HisMetLeuUra_Glucose_2_45_none_2,/scratch/mblab/chasem/rnaseq_pipeline/scratch_sequence/run_1525_samples/1525_Brent_QQ_Ind43_TGTGCCA_S42_R1_001.fastq.gz,,reverse
YBR033W_Minimal_HisMetLeuUra_Glucose_2_60_none_1,/scratch/mblab/chasem/rnaseq_pipeline/scratch_sequence/run_1525_samples/1525_Brent_RR_Ind44_AACGGAG_S43_R1_001.fastq.gz,,reverse
YBR033W_Minimal_HisMetLeuUra_Glucose_2_60_none_2,/scratch/mblab/chasem/rnaseq_pipeline/scratch_sequence/run_1525_samples/1525_Brent_SS_Ind45_GATAGTT_S44_R1_001.fastq.gz,,reverse
YBR033W_Minimal_HisMetLeuUra_Glucose_2_90_none_1,/scratch/mblab/chasem/rnaseq_pipeline/scratch_sequence/run_1525_samples/1525_Brent_TT_Ind46_GGTGAAT_S45_R1_001.fastq.gz,,reverse
YBR033W_Minimal_HisMetLeuUra_Glucose_2_90_none_2,/scratch/mblab/chasem/rnaseq_pipeline/scratch_sequence/run_1525_samples/1525_Brent_UU_Ind47_ATGTTCT_S46_R1_001.fastq.gz,,reverse
YBR033W_Minimal_HisMetLeuUra_Glucose_2_180_none_1,/scratch/mblab/chasem/rnaseq_pipeline/scratch_sequence/run_1525_samples/1525_Brent_VV_Ind48_GTAAAAA_S47_R1_001.fastq.gz,,reverse
YBR033W_Minimal_HisMetLeuUra_Glucose_2_180_none_2,/scratch/mblab/chasem/rnaseq_pipeline/scratch_sequence/run_1525_samples/1525_Brent_WW_Ind49_GTCTGAT_S48_R1_001.fastq.gz,,reverse
YBR033W_Minimal_HisMetLeuUra_Glucose_2_300_none_1,/scratch/mblab/chasem/rnaseq_pipeline/scratch_sequence/run_1525_samples/1525_Brent_Unknown_Ind50_CAATATC_S52_R1_001.fastq.gz,,reverse
WT_YPD_none_Glucose_2_1440_none_5,/scratch/mblab/chasem/rnaseq_pipeline/scratch_sequence/run_1525_samples/1525_Brent_ZZ_Ind52_GCCGTTT_S49_R1_001.fastq.gz,,reverse
WT_YPD_none_Glucose_2_1440_none_6,/scratch/mblab/chasem/rnaseq_pipeline/scratch_sequence/run_1525_samples/1525_Brent_AAA_Ind53_TAGGTAA_S50_R1_001.fastq.gz,,reverse
WT_YPD_none_Glucose_2_1440_none_7,/scratch/mblab/chasem/rnaseq_pipeline/scratch_sequence/run_1525_samples/1525_Brent_BBB_Ind54_TCGAGAT_S51_R1_001.fastq.gz,,reverse
YBR033W_Minimal_HisMetLeuUra_Glucose_0.001_-1_none_3,/scratch/mblab/chasem/rnaseq_pipeline/scratch_sequence/run_1655_samples/1655_Brent_A_TGAGGTT_S1_R1_001.fastq.gz,,reverse
YBR033W_Minimal_HisMetLeuUra_Glucose_2_45_none_3,/scratch/mblab/chasem/rnaseq_pipeline/scratch_sequence/run_1655_samples/1655_Brent_B_GCTTAGA_S2_R1_001.fastq.gz,,reverse
YBR033W_Minimal_HisMetLeuUra_Glucose_2_60_none_3,/scratch/mblab/chasem/rnaseq_pipeline/scratch_sequence/run_1655_samples/1655_Brent_C_ATGACAG_S3_R1_001.fastq.gz,,reverse
YBR033W_Minimal_HisMetLeuUra_Glucose_2_90_none_3,/scratch/mblab/chasem/rnaseq_pipeline/scratch_sequence/run_1655_samples/1655_Brent_D_CACCTCC_S4_R1_001.fastq.gz,,reverse
YBR033W_Minimal_HisMetLeuUra_Glucose_0.001_-1_none_4,/scratch/mblab/chasem/rnaseq_pipeline/scratch_sequence/run_1655_samples/1655_Brent_G_AGACTGA_S5_R1_001.fastq.gz,,reverse
YBR033W_Minimal_HisMetLeuUra_Glucose_2_45_none_4,/scratch/mblab/chasem/rnaseq_pipeline/scratch_sequence/run_1655_samples/1655_Brent_H_CTTGGAA_S6_R1_001.fastq.gz,,reverse
YBR033W_Minimal_HisMetLeuUra_Glucose_2_60_none_4,/scratch/mblab/chasem/rnaseq_pipeline/scratch_sequence/run_1655_samples/1655_Brent_I_CCGATTA_S7_R1_001.fastq.gz,,reverse
YBR033W_Minimal_HisMetLeuUra_Glucose_2_90_none_4,/scratch/mblab/chasem/rnaseq_pipeline/scratch_sequence/run_1655_samples/1655_Brent_J_GGCAGCG_S8_R1_001.fastq.gz,,reverse
YBR033W_Minimal_HisMetLeuUra_Glucose_2_180_none_3,/scratch/mblab/chasem/rnaseq_pipeline/scratch_sequence/run_1655_samples/1655_Brent_K_CCATCAT_S9_R1_001.fastq.gz,,reverse
YBR033W_Minimal_HisMetLeuUra_Glucose_2_300_none_2,/scratch/mblab/chasem/rnaseq_pipeline/scratch_sequence/run_1655_samples/1655_Brent_L_TAACAAG_S10_R1_001.fastq.gz,,reverse
YGL035C_Minimal_HisMetLeuUra_Glucose_0.001_-1_none_1,/scratch/mblab/chasem/rnaseq_pipeline/scratch_sequence/run_1655_samples/1655_Brent_M_GAGGCGT_S11_R1_001.fastq.gz,,reverse
YGL035C_Minimal_HisMetLeuUra_Glucose_2_45_none_1,/scratch/mblab/chasem/rnaseq_pipeline/scratch_sequence/run_1655_samples/1655_Brent_N_TTTAACT_S12_R1_001.fastq.gz,,reverse
YGL035C_Minimal_HisMetLeuUra_Glucose_2_60_none_1,/scratch/mblab/chasem/rnaseq_pipeline/scratch_sequence/run_1655_samples/1655_Brent_O_GGTCCTC_S13_R1_001.fastq.gz,,reverse
YGL035C_Minimal_HisMetLeuUra_Glucose_2_90_none_1,/scratch/mblab/chasem/rnaseq_pipeline/scratch_sequence/run_1655_samples/1655_Brent_P_CGGTGGC_S14_R1_001.fastq.gz,,reverse
YGL035C_Minimal_HisMetLeuUra_Glucose_2_180_none_1,/scratch/mblab/chasem/rnaseq_pipeline/scratch_sequence/run_1655_samples/1655_Brent_Q_ACTGTCG_S15_R1_001.fastq.gz,,reverse
YGL035C_Minimal_HisMetLeuUra_Glucose_2_300_none_1,/scratch/mblab/chasem/rnaseq_pipeline/scratch_sequence/run_1655_samples/1655_Brent_R_GTATTTG_S16_R1_001.fastq.gz,,reverse
YGL035C_Minimal_HisMetLeuUra_Glucose_0.001_-1_none_2,/scratch/mblab/chasem/rnaseq_pipeline/scratch_sequence/run_1655_samples/1655_Brent_S_GAGTACG_S17_R1_001.fastq.gz,,reverse
YGL035C_Minimal_HisMetLeuUra_Glucose_2_45_none_2,/scratch/mblab/chasem/rnaseq_pipeline/scratch_sequence/run_1655_samples/1655_Brent_T_ACAGATA_S18_R1_001.fastq.gz,,reverse
YGL035C_Minimal_HisMetLeuUra_Glucose_2_60_none_2,/scratch/mblab/chasem/rnaseq_pipeline/scratch_sequence/run_1655_samples/1655_Brent_U_CTCAATG_S19_R1_001.fastq.gz,,reverse
YGL035C_Minimal_HisMetLeuUra_Glucose_2_90_none_2,/scratch/mblab/chasem/rnaseq_pipeline/scratch_sequence/run_1655_samples/1655_Brent_V_AAATGCA_S20_R1_001.fastq.gz,,reverse
YGL035C_Minimal_HisMetLeuUra_Glucose_2_180_none_2,/scratch/mblab/chasem/rnaseq_pipeline/scratch_sequence/run_1655_samples/1655_Brent_W_ACGCGGG_S21_R1_001.fastq.gz,,reverse
YGL035C_Minimal_HisMetLeuUra_Glucose_2_300_none_2,/scratch/mblab/chasem/rnaseq_pipeline/scratch_sequence/run_1655_samples/1655_Brent_X_GGAGTCC_S22_R1_001.fastq.gz,,reverse
WT_YPD_none_Glucose_2_1440_none_8,/scratch/mblab/chasem/rnaseq_pipeline/scratch_sequence/run_1655_samples/1655_Brent_Y_CGTCGCT_S23_R1_001.fastq.gz,,reverse
WT_YPD_none_Glucose_2_1440_none_9,/scratch/mblab/chasem/rnaseq_pipeline/scratch_sequence/run_1655_samples/1655_Brent_Z_TCAACTG_S24_R1_001.fastq.gz,,reverse
YKL038W_Minimal_HisMetLeuUra_Glucose_0.001_-1_none_1,/scratch/mblab/chasem/rnaseq_pipeline/scratch_sequence/run_1655_samples/1655_Brent_AA_TGTTTGT_S25_R1_001.fastq.gz,,reverse
YKL038W_Minimal_HisMetLeuUra_Glucose_2_45_none_1,/scratch/mblab/chasem/rnaseq_pipeline/scratch_sequence/run_1655_samples/1655_Brent_BB_TACATGG_S26_R1_001.fastq.gz,,reverse
YKL038W_Minimal_HisMetLeuUra_Glucose_2_60_none_1,/scratch/mblab/chasem/rnaseq_pipeline/scratch_sequence/run_1655_samples/1655_Brent_CC_GTTCTCA_S27_R1_001.fastq.gz,,reverse
YKL038W_Minimal_HisMetLeuUra_Glucose_2_90_none_1,/scratch/mblab/chasem/rnaseq_pipeline/scratch_sequence/run_1655_samples/1655_Brent_DD_CTGGTGG_S28_R1_001.fastq.gz,,reverse
YKL038W_Minimal_HisMetLeuUra_Glucose_2_180_none_1,/scratch/mblab/chasem/rnaseq_pipeline/scratch_sequence/run_1655_samples/1655_Brent_EE_TGCCCAT_S29_R1_001.fastq.gz,,reverse
YKL038W_Minimal_HisMetLeuUra_Glucose_2_300_none_1,/scratch/mblab/chasem/rnaseq_pipeline/scratch_sequence/run_1655_samples/1655_Brent_FF_AAACCTT_S30_R1_001.fastq.gz,,reverse
YKL038W_Minimal_HisMetLeuUra_Glucose_0.001_-1_none_2,/scratch/mblab/chasem/rnaseq_pipeline/scratch_sequence/run_1655_samples/1655_Brent_GG_ACCATAC_S31_R1_001.fastq.gz,,reverse
YKL038W_Minimal_HisMetLeuUra_Glucose_2_45_none_2,/scratch/mblab/chasem/rnaseq_pipeline/scratch_sequence/run_1655_samples/1655_Brent_HH_AATACGC_S32_R1_001.fastq.gz,,reverse
YKL038W_Minimal_HisMetLeuUra_Glucose_2_90_none_2,/scratch/mblab/chasem/rnaseq_pipeline/scratch_sequence/run_1655_samples/1655_Brent_JJ_TGGCATA_S33_R1_001.fastq.gz,,reverse
YKL038W_Minimal_HisMetLeuUra_Glucose_2_180_none_2,/scratch/mblab/chasem/rnaseq_pipeline/scratch_sequence/run_1655_samples/1655_Brent_KK_TTTTGTC_S34_R1_001.fastq.gz,,reverse
YKL038W_Minimal_HisMetLeuUra_Glucose_2_300_none_2,/scratch/mblab/chasem/rnaseq_pipeline/scratch_sequence/run_1655_samples/1655_Brent_LL_ACCCACT_S35_R1_001.fastq.gz,,reverse
YGL209W_Minimal_HisMetLeuUra_Glucose_0.001_-1_none_1,/scratch/mblab/chasem/rnaseq_pipeline/scratch_sequence/run_1655_samples/1655_Brent_MM_CCGGACC_S36_R1_001.fastq.gz,,reverse
YGL209W_Minimal_HisMetLeuUra_Glucose_2_45_none_1,/scratch/mblab/chasem/rnaseq_pipeline/scratch_sequence/run_1655_samples/1655_Brent_NN_GTACGGC_S37_R1_001.fastq.gz,,reverse
YGL209W_Minimal_HisMetLeuUra_Glucose_2_60_none_1,/scratch/mblab/chasem/rnaseq_pipeline/scratch_sequence/run_1655_samples/1655_Brent_OO_TTGCCCC_S38_R1_001.fastq.gz,,reverse
YGL209W_Minimal_HisMetLeuUra_Glucose_2_90_none_1,/scratch/mblab/chasem/rnaseq_pipeline/scratch_sequence/run_1655_samples/1655_Brent_PP_ACTCCAA_S39_R1_001.fastq.gz,,reverse
YGL209W_Minimal_HisMetLeuUra_Glucose_2_300_none_1,/scratch/mblab/chasem/rnaseq_pipeline/scratch_sequence/run_1655_samples/1655_Brent_RR_AACGGAG_S40_R1_001.fastq.gz,,reverse
YGL209W_Minimal_HisMetLeuUra_Glucose_0.001_-1_none_2,/scratch/mblab/chasem/rnaseq_pipeline/scratch_sequence/run_1655_samples/1655_Brent_SS_GATAGTT_S41_R1_001.fastq.gz,,reverse
YGL209W_Minimal_HisMetLeuUra_Glucose_2_45_none_2,/scratch/mblab/chasem/rnaseq_pipeline/scratch_sequence/run_1655_samples/1655_Brent_TT_GGTGAAT_S42_R1_001.fastq.gz,,reverse
YGL209W_Minimal_HisMetLeuUra_Glucose_2_60_none_2,/scratch/mblab/chasem/rnaseq_pipeline/scratch_sequence/run_1655_samples/1655_Brent_UU_ATGTTCT_S43_R1_001.fastq.gz,,reverse
YGL209W_Minimal_HisMetLeuUra_Glucose_2_90_none_2,/scratch/mblab/chasem/rnaseq_pipeline/scratch_sequence/run_1655_samples/1655_Brent_VV_GTAAAAA_S44_R1_001.fastq.gz,,reverse
YBR033W_Minimal_HisMetLeuUra_Glucose_0.001_-1_none_5,/scratch/mblab/chasem/rnaseq_pipeline/scratch_sequence/run_1656_samples/Brent_A_TGAGGTT_S1_R1_001.fastq.gz,,reverse
YBR033W_Minimal_HisMetLeuUra_Glucose_2_45_none_5,/scratch/mblab/chasem/rnaseq_pipeline/scratch_sequence/run_1656_samples/Brent_B_GCTTAGA_S2_R1_001.fastq.gz,,reverse
YBR033W_Minimal_HisMetLeuUra_Glucose_2_60_none_5,/scratch/mblab/chasem/rnaseq_pipeline/scratch_sequence/run_1656_samples/Brent_C_ATGACAG_S3_R1_001.fastq.gz,,reverse
YBR033W_Minimal_HisMetLeuUra_Glucose_2_90_none_5,/scratch/mblab/chasem/rnaseq_pipeline/scratch_sequence/run_1656_samples/Brent_D_CACCTCC_S4_R1_001.fastq.gz,,reverse
YBR033W_Minimal_HisMetLeuUra_Glucose_2_180_none_4,/scratch/mblab/chasem/rnaseq_pipeline/scratch_sequence/run_1656_samples/Brent_E_ATCGAGC_S5_R1_001.fastq.gz,,reverse
YBR033W_Minimal_HisMetLeuUra_Glucose_2_300_none_3,/scratch/mblab/chasem/rnaseq_pipeline/scratch_sequence/run_1656_samples/Brent_F_TACTCTA_S6_R1_001.fastq.gz,,reverse
YBR033W_Minimal_HisMetLeuUra_Glucose_0.001_-1_none_6,/scratch/mblab/chasem/rnaseq_pipeline/scratch_sequence/run_1656_samples/Brent_G_AGACTGA_S7_R1_001.fastq.gz,,reverse
YBR033W_Minimal_HisMetLeuUra_Glucose_2_45_none_6,/scratch/mblab/chasem/rnaseq_pipeline/scratch_sequence/run_1656_samples/Brent_H_CTTGGAA_S8_R1_001.fastq.gz,,reverse
YBR033W_Minimal_HisMetLeuUra_Glucose_2_60_none_6,/scratch/mblab/chasem/rnaseq_pipeline/scratch_sequence/run_1656_samples/Brent_I_CCGATTA_S9_R1_001.fastq.gz,,reverse
YBR033W_Minimal_HisMetLeuUra_Glucose_2_90_none_6,/scratch/mblab/chasem/rnaseq_pipeline/scratch_sequence/run_1656_samples/Brent_J_GGCAGCG_S10_R1_001.fastq.gz,,reverse
YBR033W_Minimal_HisMetLeuUra_Glucose_2_180_none_5,/scratch/mblab/chasem/rnaseq_pipeline/scratch_sequence/run_1656_samples/Brent_K_CCATCAT_S11_R1_001.fastq.gz,,reverse
YBR033W_Minimal_HisMetLeuUra_Glucose_2_300_none_4,/scratch/mblab/chasem/rnaseq_pipeline/scratch_sequence/run_1656_samples/Brent_L_TAACAAG_S12_R1_001.fastq.gz,,reverse
YGL035C_Minimal_HisMetLeuUra_Glucose_0.001_-1_none_3,/scratch/mblab/chasem/rnaseq_pipeline/scratch_sequence/run_1656_samples/Brent_M_GAGGCGT_S13_R1_001.fastq.gz,,reverse
YGL035C_Minimal_HisMetLeuUra_Glucose_2_45_none_3,/scratch/mblab/chasem/rnaseq_pipeline/scratch_sequence/run_1656_samples/Brent_N_TTTAACT_S14_R1_001.fastq.gz,,reverse
YGL035C_Minimal_HisMetLeuUra_Glucose_2_60_none_3,/scratch/mblab/chasem/rnaseq_pipeline/scratch_sequence/run_1656_samples/Brent_O_GGTCCTC_S15_R1_001.fastq.gz,,reverse
YGL035C_Minimal_HisMetLeuUra_Glucose_2_90_none_3,/scratch/mblab/chasem/rnaseq_pipeline/scratch_sequence/run_1656_samples/Brent_P_CGGTGGC_S16_R1_001.fastq.gz,,reverse
YGL035C_Minimal_HisMetLeuUra_Glucose_2_180_none_3,/scratch/mblab/chasem/rnaseq_pipeline/scratch_sequence/run_1656_samples/Brent_Q_ACTGTCG_S17_R1_001.fastq.gz,,reverse
YGL035C_Minimal_HisMetLeuUra_Glucose_2_300_none_3,/scratch/mblab/chasem/rnaseq_pipeline/scratch_sequence/run_1656_samples/Brent_R_GTATTTG_S18_R1_001.fastq.gz,,reverse
YGL035C_Minimal_HisMetLeuUra_Glucose_0.001_-1_none_4,/scratch/mblab/chasem/rnaseq_pipeline/scratch_sequence/run_1656_samples/Brent_S_GAGTACG_S19_R1_001.fastq.gz,,reverse
YGL035C_Minimal_HisMetLeuUra_Glucose_2_45_none_4,/scratch/mblab/chasem/rnaseq_pipeline/scratch_sequence/run_1656_samples/Brent_T_ACAGATA_S20_R1_001.fastq.gz,,reverse
YGL035C_Minimal_HisMetLeuUra_Glucose_2_60_none_4,/scratch/mblab/chasem/rnaseq_pipeline/scratch_sequence/run_1656_samples/Brent_U_CTCAATG_S21_R1_001.fastq.gz,,reverse
YGL035C_Minimal_HisMetLeuUra_Glucose_2_90_none_4,/scratch/mblab/chasem/rnaseq_pipeline/scratch_sequence/run_1656_samples/Brent_V_AAATGCA_S22_R1_001.fastq.gz,,reverse
YGL035C_Minimal_HisMetLeuUra_Glucose_2_180_none_4,/scratch/mblab/chasem/rnaseq_pipeline/scratch_sequence/run_1656_samples/Brent_W_ACGCGGG_S23_R1_001.fastq.gz,,reverse
YGL035C_Minimal_HisMetLeuUra_Glucose_2_300_none_4,/scratch/mblab/chasem/rnaseq_pipeline/scratch_sequence/run_1656_samples/Brent_X_GGAGTCC_S24_R1_001.fastq.gz,,reverse
WT_YPD_none_Glucose_2_1440_none_10,/scratch/mblab/chasem/rnaseq_pipeline/scratch_sequence/run_1656_samples/Brent_Y_CGTCGCT_S25_R1_001.fastq.gz,,reverse
WT_YPD_none_Glucose_2_1440_none_11,/scratch/mblab/chasem/rnaseq_pipeline/scratch_sequence/run_1656_samples/Brent_Z_TCAACTG_S26_R1_001.fastq.gz,,reverse
YKL038W_Minimal_HisMetLeuUra_Glucose_0.001_-1_none_3,/scratch/mblab/chasem/rnaseq_pipeline/scratch_sequence/run_1656_samples/Brent_AA_TGTTTGT_S27_R1_001.fastq.gz,,reverse
YKL038W_Minimal_HisMetLeuUra_Glucose_2_45_none_3,/scratch/mblab/chasem/rnaseq_pipeline/scratch_sequence/run_1656_samples/Brent_BB_TACATGG_S28_R1_001.fastq.gz,,reverse
YKL038W_Minimal_HisMetLeuUra_Glucose_2_60_none_2,/scratch/mblab/chasem/rnaseq_pipeline/scratch_sequence/run_1656_samples/Brent_CC_GTTCTCA_S29_R1_001.fastq.gz,,reverse
YKL038W_Minimal_HisMetLeuUra_Glucose_2_300_none_3,/scratch/mblab/chasem/rnaseq_pipeline/scratch_sequence/run_1656_samples/Brent_DD_CTGGTGG_S30_R1_001.fastq.gz,,reverse
YKL038W_Minimal_HisMetLeuUra_Glucose_2_180_none_3,/scratch/mblab/chasem/rnaseq_pipeline/scratch_sequence/run_1656_samples/Brent_EE_TGCCCAT_S31_R1_001.fastq.gz,,reverse
YKL038W_Minimal_HisMetLeuUra_Glucose_2_300_none_4,/scratch/mblab/chasem/rnaseq_pipeline/scratch_sequence/run_1656_samples/Brent_FF_AAACCTT_S32_R1_001.fastq.gz,,reverse
YKL038W_Minimal_HisMetLeuUra_Glucose_0.001_-1_none_4,/scratch/mblab/chasem/rnaseq_pipeline/scratch_sequence/run_1656_samples/Brent_GG_ACCATAC_S33_R1_001.fastq.gz,,reverse
YKL038W_Minimal_HisMetLeuUra_Glucose_2_45_none_4,/scratch/mblab/chasem/rnaseq_pipeline/scratch_sequence/run_1656_samples/Brent_HH_AATACGC_S34_R1_001.fastq.gz,,reverse
YKL038W_Minimal_HisMetLeuUra_Glucose_2_60_none_3,/scratch/mblab/chasem/rnaseq_pipeline/scratch_sequence/run_1656_samples/Brent_II_CGCTACA_S35_R1_001.fastq.gz,,reverse
YKL038W_Minimal_HisMetLeuUra_Glucose_2_90_none_3,/scratch/mblab/chasem/rnaseq_pipeline/scratch_sequence/run_1656_samples/Brent_JJ_TGGCATA_S36_R1_001.fastq.gz,,reverse
YKL038W_Minimal_HisMetLeuUra_Glucose_2_180_none_4,/scratch/mblab/chasem/rnaseq_pipeline/scratch_sequence/run_1656_samples/Brent_KK_TTTTGTC_S37_R1_001.fastq.gz,,reverse
YKL038W_Minimal_HisMetLeuUra_Glucose_2_90_none_4,/scratch/mblab/chasem/rnaseq_pipeline/scratch_sequence/run_1656_samples/Brent_LL_ACCCACT_S38_R1_001.fastq.gz,,reverse
YGL209W_Minimal_HisMetLeuUra_Glucose_0.001_-1_none_3,/scratch/mblab/chasem/rnaseq_pipeline/scratch_sequence/run_1656_samples/Brent_MM_CCGGACC_S39_R1_001.fastq.gz,,reverse
YGL209W_Minimal_HisMetLeuUra_Glucose_2_45_none_3,/scratch/mblab/chasem/rnaseq_pipeline/scratch_sequence/run_1656_samples/Brent_NN_GTACGGC_S40_R1_001.fastq.gz,,reverse
YGL209W_Minimal_HisMetLeuUra_Glucose_2_60_none_3,/scratch/mblab/chasem/rnaseq_pipeline/scratch_sequence/run_1656_samples/Brent_OO_TTGCCCC_S41_R1_001.fastq.gz,,reverse
YGL209W_Minimal_HisMetLeuUra_Glucose_2_90_none_3,/scratch/mblab/chasem/rnaseq_pipeline/scratch_sequence/run_1656_samples/Brent_PP_ACTCCAA_S42_R1_001.fastq.gz,,reverse
YGL209W_Minimal_HisMetLeuUra_Glucose_2_180_none_1,/scratch/mblab/chasem/rnaseq_pipeline/scratch_sequence/run_1656_samples/Brent_QQ_TGTGCCA_S43_R1_001.fastq.gz,,reverse
YGL209W_Minimal_HisMetLeuUra_Glucose_2_300_none_2,/scratch/mblab/chasem/rnaseq_pipeline/scratch_sequence/run_1656_samples/Brent_RR_AACGGAG_S44_R1_001.fastq.gz,,reverse
YGL209W_Minimal_HisMetLeuUra_Glucose_0.001_-1_none_4,/scratch/mblab/chasem/rnaseq_pipeline/scratch_sequence/run_1656_samples/Brent_SS_GATAGTT_S45_R1_001.fastq.gz,,reverse
YGL209W_Minimal_HisMetLeuUra_Glucose_2_45_none_4,/scratch/mblab/chasem/rnaseq_pipeline/scratch_sequence/run_1656_samples/Brent_TT_GGTGAAT_S46_R1_001.fastq.gz,,reverse
YGL209W_Minimal_HisMetLeuUra_Glucose_2_60_none_4,/scratch/mblab/chasem/rnaseq_pipeline/scratch_sequence/run_1656_samples/Brent_UU_ATGTTCT_S47_R1_001.fastq.gz,,reverse
YGL209W_Minimal_HisMetLeuUra_Glucose_2_90_none_4,/scratch/mblab/chasem/rnaseq_pipeline/scratch_sequence/run_1656_samples/Brent_VV_GTAAAAA_S48_R1_001.fastq.gz,,reverse
YGL209W_Minimal_HisMetLeuUra_Glucose_2_180_none_2,/scratch/mblab/chasem/rnaseq_pipeline/scratch_sequence/run_1656_samples/Brent_WW_GTCTGAT_S49_R1_001.fastq.gz,,reverse
YGL209W_Minimal_HisMetLeuUra_Glucose_2_300_none_3,/scratch/mblab/chasem/rnaseq_pipeline/scratch_sequence/run_1656_samples/Brent_XX_CAATATC_S50_R1_001.fastq.gz,,reverse
YBR033W_Minimal_HisMetLeuUra_Glucose_2_180_none_6,/scratch/mblab/chasem/rnaseq_pipeline/scratch_sequence/run_1656_samples/Brent_E-A_CTCCCGA_S51_R1_001.fastq.gz,,reverse
YBR033W_Minimal_HisMetLeuUra_Glucose_2_300_none_5,/scratch/mblab/chasem/rnaseq_pipeline/scratch_sequence/run_1656_samples/Brent_F-A_GCCGTTT_S52_R1_001.fastq.gz,,reverse
YKL038W_Minimal_HisMetLeuUra_Glucose_2_60_none_4,/scratch/mblab/chasem/rnaseq_pipeline/scratch_sequence/run_1656_samples/Brent_II-A_TAGGTAA_S53_R1_001.fastq.gz,,reverse
YGL209W_Minimal_HisMetLeuUra_Glucose_2_180_none_3,/scratch/mblab/chasem/rnaseq_pipeline/scratch_sequence/run_1656_samples/Brent_QQ-A_TCGAGAT_S54_R1_001.fastq.gz,,reverse
YGL209W_Minimal_HisMetLeuUra_Glucose_2_180_none_4,/scratch/mblab/chasem/rnaseq_pipeline/scratch_sequence/run_1656_samples/Brent_WW-A_CATTTAG_S55_R1_001.fastq.gz,,reverse
YGL209W_Minimal_HisMetLeuUra_Glucose_2_300_none_4,/scratch/mblab/chasem/rnaseq_pipeline/scratch_sequence/run_1656_samples/Brent_XX-A_TCCGGGA_S56_R1_001.fastq.gz,,reverse
YGL209W_YBR033W_Minimal_HisMetLeuUra_Glucose_0.001_-1_none_1,/scratch/mblab/chasem/rnaseq_pipeline/scratch_sequence/run_2040_samples/2040_Brent_1_TGAGGTT_S2_R1_001.fastq.gz,,reverse
YGL209W_YBR033W_Minimal_HisMetLeuUra_Glucose_0.001_-1_none_2,/scratch/mblab/chasem/rnaseq_pipeline/scratch_sequence/run_2040_samples/2040_Brent_2_GCTTAGA_S3_R1_001.fastq.gz,,reverse
YGL209W_YBR033W_Minimal_HisMetLeuUra_Glucose_2_30_none_1,/scratch/mblab/chasem/rnaseq_pipeline/scratch_sequence/run_2040_samples/2040_Brent_3_ATGACAG_S4_R1_001.fastq.gz,,reverse
YGL209W_YBR033W_Minimal_HisMetLeuUra_Glucose_2_30_none_2,/scratch/mblab/chasem/rnaseq_pipeline/scratch_sequence/run_2040_samples/2040_Brent_4_CACCTCC_S5_R1_001.fastq.gz,,reverse
YGL209W_YBR033W_Minimal_HisMetLeuUra_Glucose_2_45_none_1,/scratch/mblab/chasem/rnaseq_pipeline/scratch_sequence/run_2040_samples/2040_Brent_5_ATCGAGC_S6_R1_001.fastq.gz,,reverse
YGL209W_YBR033W_Minimal_HisMetLeuUra_Glucose_2_45_none_2,/scratch/mblab/chasem/rnaseq_pipeline/scratch_sequence/run_2040_samples/2040_Brent_6_TACTCTA_S7_R1_001.fastq.gz,,reverse
YGL209W_YBR033W_Minimal_HisMetLeuUra_Glucose_2_60_none_1,/scratch/mblab/chasem/rnaseq_pipeline/scratch_sequence/run_2040_samples/2040_Brent_7_AGACTGA_S8_R1_001.fastq.gz,,reverse
YGL209W_YBR033W_Minimal_HisMetLeuUra_Glucose_2_60_none_2,/scratch/mblab/chasem/rnaseq_pipeline/scratch_sequence/run_2040_samples/2040_Brent_8_CTTGGAA_S9_R1_001.fastq.gz,,reverse
YGL209W_YBR033W_Minimal_HisMetLeuUra_Glucose_2_90_none_1,/scratch/mblab/chasem/rnaseq_pipeline/scratch_sequence/run_2040_samples/2040_Brent_9_CCGATTA_S10_R1_001.fastq.gz,,reverse
YGL209W_YBR033W_Minimal_HisMetLeuUra_Glucose_2_90_none_2,/scratch/mblab/chasem/rnaseq_pipeline/scratch_sequence/run_2040_samples/2040_Brent_10_GGCAGCG_S11_R1_001.fastq.gz,,reverse
YGL209W_YBR033W_Minimal_HisMetLeuUra_Glucose_2_180_none_1,/scratch/mblab/chasem/rnaseq_pipeline/scratch_sequence/run_2040_samples/2040_Brent_11_CCATCAT_S12_R1_001.fastq.gz,,reverse
YGL209W_YBR033W_Minimal_HisMetLeuUra_Glucose_2_180_none_2,/scratch/mblab/chasem/rnaseq_pipeline/scratch_sequence/run_2040_samples/2040_Brent_12_TAACAAG_S13_R1_001.fastq.gz,,reverse
YGL209W_YBR033W_Minimal_HisMetLeuUra_Glucose_2_300_none_1,/scratch/mblab/chasem/rnaseq_pipeline/scratch_sequence/run_2040_samples/2040_Brent_13_GAGGCGT_S14_R1_001.fastq.gz,,reverse
YGL209W_YBR033W_Minimal_HisMetLeuUra_Glucose_2_300_none_2,/scratch/mblab/chasem/rnaseq_pipeline/scratch_sequence/run_2040_samples/2040_Brent_14_TTTAACT_S15_R1_001.fastq.gz,,reverse
YBR033W_YKL038W_Minimal_HisMetLeuUra_Glucose_0.001_-1_none_1,/scratch/mblab/chasem/rnaseq_pipeline/scratch_sequence/run_2040_samples/2040_Brent_15_GGTCCTC_S16_R1_001.fastq.gz,,reverse
YBR033W_YKL038W_Minimal_HisMetLeuUra_Glucose_0.001_-1_none_2,/scratch/mblab/chasem/rnaseq_pipeline/scratch_sequence/run_2040_samples/2040_Brent_16_CGGTGGC_S17_R1_001.fastq.gz,,reverse
YBR033W_YKL038W_Minimal_HisMetLeuUra_Glucose_2_45_none_1,/scratch/mblab/chasem/rnaseq_pipeline/scratch_sequence/run_2040_samples/2040_Brent_19_ACTGTCG_S18_R1_001.fastq.gz,,reverse
YBR033W_YKL038W_Minimal_HisMetLeuUra_Glucose_2_60_none_1,/scratch/mblab/chasem/rnaseq_pipeline/scratch_sequence/run_2040_samples/2040_Brent_21_GAGTACG_S20_R1_001.fastq.gz,,reverse
YBR033W_YKL038W_Minimal_HisMetLeuUra_Glucose_2_60_none_2,/scratch/mblab/chasem/rnaseq_pipeline/scratch_sequence/run_2040_samples/2040_Brent_22_ACAGATA_S21_R1_001.fastq.gz,,reverse
YBR033W_YKL038W_Minimal_HisMetLeuUra_Glucose_2_90_none_1,/scratch/mblab/chasem/rnaseq_pipeline/scratch_sequence/run_2040_samples/2040_Brent_23_CTCAATG_S22_R1_001.fastq.gz,,reverse
YBR033W_YKL038W_Minimal_HisMetLeuUra_Glucose_2_90_none_2,/scratch/mblab/chasem/rnaseq_pipeline/scratch_sequence/run_2040_samples/2040_Brent_24_AAATGCA_S23_R1_001.fastq.gz,,reverse
YBR033W_YKL038W_Minimal_HisMetLeuUra_Glucose_2_180_none_1,/scratch/mblab/chasem/rnaseq_pipeline/scratch_sequence/run_2040_samples/2040_Brent_25_ACGCGGG_S24_R1_001.fastq.gz,,reverse
YBR033W_YKL038W_Minimal_HisMetLeuUra_Glucose_2_180_none_2,/scratch/mblab/chasem/rnaseq_pipeline/scratch_sequence/run_2040_samples/2040_Brent_26_GGAGTCC_S25_R1_001.fastq.gz,,reverse
YBR033W_YKL038W_Minimal_HisMetLeuUra_Glucose_2_300_none_1,/scratch/mblab/chasem/rnaseq_pipeline/scratch_sequence/run_2040_samples/2040_Brent_27_CGTCGCT_S26_R1_001.fastq.gz,,reverse
YBR033W_YKL038W_Minimal_HisMetLeuUra_Glucose_2_300_none_2,/scratch/mblab/chasem/rnaseq_pipeline/scratch_sequence/run_2040_samples/2040_Brent_28_TCAACTG_S27_R1_001.fastq.gz,,reverse
YGL035C_YBR033W_Minimal_HisMetLeuUra_Glucose_0.001_-1_none_1,/scratch/mblab/chasem/rnaseq_pipeline/scratch_sequence/run_2040_samples/2040_Brent_29_TGTTTGT_S28_R1_001.fastq.gz,,reverse
YGL035C_YBR033W_Minimal_HisMetLeuUra_Glucose_0.001_-1_none_2,/scratch/mblab/chasem/rnaseq_pipeline/scratch_sequence/run_2040_samples/2040_Brent_30_TACATGG_S29_R1_001.fastq.gz,,reverse
YGL035C_YBR033W_Minimal_HisMetLeuUra_Glucose_2_30_none_1,/scratch/mblab/chasem/rnaseq_pipeline/scratch_sequence/run_2040_samples/2040_Brent_31_GTTCTCA_S30_R1_001.fastq.gz,,reverse
YGL035C_YBR033W_Minimal_HisMetLeuUra_Glucose_2_30_none_2,/scratch/mblab/chasem/rnaseq_pipeline/scratch_sequence/run_2040_samples/2040_Brent_32_CTGGTGG_S31_R1_001.fastq.gz,,reverse
YGL035C_YBR033W_Minimal_HisMetLeuUra_Glucose_2_45_none_1,/scratch/mblab/chasem/rnaseq_pipeline/scratch_sequence/run_2040_samples/2040_Brent_33_TGCCCAT_S32_R1_001.fastq.gz,,reverse
YGL035C_YBR033W_Minimal_HisMetLeuUra_Glucose_2_45_none_2,/scratch/mblab/chasem/rnaseq_pipeline/scratch_sequence/run_2040_samples/2040_Brent_34_AAACCTT_S33_R1_001.fastq.gz,,reverse
YGL035C_YBR033W_Minimal_HisMetLeuUra_Glucose_2_60_none_1,/scratch/mblab/chasem/rnaseq_pipeline/scratch_sequence/run_2040_samples/2040_Brent_35_ACCATAC_S34_R1_001.fastq.gz,,reverse
YGL035C_YBR033W_Minimal_HisMetLeuUra_Glucose_2_60_none_2,/scratch/mblab/chasem/rnaseq_pipeline/scratch_sequence/run_2040_samples/2040_Brent_36_AATACGC_S35_R1_001.fastq.gz,,reverse
YGL035C_YBR033W_Minimal_HisMetLeuUra_Glucose_2_90_none_1,/scratch/mblab/chasem/rnaseq_pipeline/scratch_sequence/run_2040_samples/2040_Brent_37_CGCTACA_S36_R1_001.fastq.gz,,reverse
YGL035C_YBR033W_Minimal_HisMetLeuUra_Glucose_2_90_none_2,/scratch/mblab/chasem/rnaseq_pipeline/scratch_sequence/run_2040_samples/2040_Brent_38_TGGCATA_S37_R1_001.fastq.gz,,reverse
YGL035C_YBR033W_Minimal_HisMetLeuUra_Glucose_2_180_none_1,/scratch/mblab/chasem/rnaseq_pipeline/scratch_sequence/run_2040_samples/2040_Brent_39_TTTTGTC_S38_R1_001.fastq.gz,,reverse
YGL035C_YBR033W_Minimal_HisMetLeuUra_Glucose_2_300_none_1,/scratch/mblab/chasem/rnaseq_pipeline/scratch_sequence/run_2040_samples/2040_Brent_41_ACCCACT_S39_R1_001.fastq.gz,,reverse
YGL035C_YBR033W_Minimal_HisMetLeuUra_Glucose_2_300_none_2,/scratch/mblab/chasem/rnaseq_pipeline/scratch_sequence/run_2040_samples/2040_Brent_42_CCGGACC_S40_R1_001.fastq.gz,,reverse
YGL209W_YKL038W_Minimal_HisMetLeuUra_Glucose_0.001_-1_none_1,/scratch/mblab/chasem/rnaseq_pipeline/scratch_sequence/run_2040_samples/2040_Brent_43_GTACGGC_S41_R1_001.fastq.gz,,reverse
YGL209W_YKL038W_Minimal_HisMetLeuUra_Glucose_0.001_-1_none_2,/scratch/mblab/chasem/rnaseq_pipeline/scratch_sequence/run_2040_samples/2040_Brent_44_TTGCCCC_S42_R1_001.fastq.gz,,reverse
YGL209W_YKL038W_Minimal_HisMetLeuUra_Glucose_2_45_none_1,/scratch/mblab/chasem/rnaseq_pipeline/scratch_sequence/run_2040_samples/2040_Brent_47_ACTCCAA_S43_R1_001.fastq.gz,,reverse
YGL209W_YKL038W_Minimal_HisMetLeuUra_Glucose_2_45_none_2,/scratch/mblab/chasem/rnaseq_pipeline/scratch_sequence/run_2040_samples/2040_Brent_48_TGTGCCA_S44_R1_001.fastq.gz,,reverse
YGL209W_YKL038W_Minimal_HisMetLeuUra_Glucose_2_60_none_1,/scratch/mblab/chasem/rnaseq_pipeline/scratch_sequence/run_2040_samples/2040_Brent_49_AACGGAG_S45_R1_001.fastq.gz,,reverse
YGL209W_YKL038W_Minimal_HisMetLeuUra_Glucose_2_60_none_2,/scratch/mblab/chasem/rnaseq_pipeline/scratch_sequence/run_2040_samples/2040_Brent_50_GATAGTT_S46_R1_001.fastq.gz,,reverse
YGL209W_YKL038W_Minimal_HisMetLeuUra_Glucose_2_90_none_1,/scratch/mblab/chasem/rnaseq_pipeline/scratch_sequence/run_2040_samples/2040_Brent_52_ATGTTCT_S48_R1_001.fastq.gz,,reverse
YGL209W_YKL038W_Minimal_HisMetLeuUra_Glucose_2_180_none_1,/scratch/mblab/chasem/rnaseq_pipeline/scratch_sequence/run_2040_samples/2040_Brent_53_GTAAAAA_S49_R1_001.fastq.gz,,reverse
YGL209W_YKL038W_Minimal_HisMetLeuUra_Glucose_2_180_none_2,/scratch/mblab/chasem/rnaseq_pipeline/scratch_sequence/run_2040_samples/2040_Brent_54_GTCTGAT_S50_R1_001.fastq.gz,,reverse
YGL209W_YKL038W_Minimal_HisMetLeuUra_Glucose_2_300_none_1,/scratch/mblab/chasem/rnaseq_pipeline/scratch_sequence/run_2040_samples/2040_Brent_55_CAATATC_S51_R1_001.fastq.gz,,reverse
YGL209W_YKL038W_Minimal_HisMetLeuUra_Glucose_2_300_none_2,/scratch/mblab/chasem/rnaseq_pipeline/scratch_sequence/run_2040_samples/2040_Brent_56_CTCCCGA_S52_R1_001.fastq.gz,,reverse
WT_YPD_none_none_2_1440_none_1,/scratch/mblab/chasem/rnaseq_pipeline/scratch_sequence/run_2040_samples/2040_Brent_57_GCCGTTT_S53_R1_001.fastq.gz,,reverse
WT_YPD_none_none_2_1440_none_2,/scratch/mblab/chasem/rnaseq_pipeline/scratch_sequence/run_2040_samples/2040_Brent_58_TAGGTAA_S54_R1_001.fastq.gz,,reverse
WT_YPD_none_none_2_1440_none_3,/scratch/mblab/chasem/rnaseq_pipeline/scratch_sequence/run_2040_samples/2040_Brent_59_TCGAGAT_S55_R1_001.fastq.gz,,reverse
WT_Minimal_HisMetLeuUra_Galactose_0.0015_-1_none_1,/scratch/mblab/chasem/rnaseq_pipeline/scratch_sequence/run_2138_samples/2138_Brent_1_TGAGGTT_S2_R1_001.fastq.gz,,reverse
WT_Minimal_HisMetLeuUra_Galactose_0.0015_-1_none_2,/scratch/mblab/chasem/rnaseq_pipeline/scratch_sequence/run_2138_samples/2138_Brent_2_GCTTAGA_S3_R1_001.fastq.gz,,reverse
WT_Minimal_HisMetLeuUra_Galactose_2_30_none_1,/scratch/mblab/chasem/rnaseq_pipeline/scratch_sequence/run_2138_samples/2138_Brent_3_ATGACAG_S4_R1_001.fastq.gz,,reverse
WT_Minimal_HisMetLeuUra_Galactose_2_30_none_2,/scratch/mblab/chasem/rnaseq_pipeline/scratch_sequence/run_2138_samples/2138_Brent_4_CACCTCC_S5_R1_001.fastq.gz,,reverse
WT_Minimal_HisMetLeuUra_Galactose_2_45_none_1,/scratch/mblab/chasem/rnaseq_pipeline/scratch_sequence/run_2138_samples/2138_Brent_5_ATCGAGC_S6_R1_001.fastq.gz,,reverse
WT_Minimal_HisMetLeuUra_Galactose_2_45_none_2,/scratch/mblab/chasem/rnaseq_pipeline/scratch_sequence/run_2138_samples/2138_Brent_6_TACTCTA_S7_R1_001.fastq.gz,,reverse
WT_Minimal_HisMetLeuUra_Galactose_2_60_none_1,/scratch/mblab/chasem/rnaseq_pipeline/scratch_sequence/run_2138_samples/2138_Brent_7_AGACTGA_S8_R1_001.fastq.gz,,reverse
WT_Minimal_HisMetLeuUra_Galactose_2_60_none_2,/scratch/mblab/chasem/rnaseq_pipeline/scratch_sequence/run_2138_samples/2138_Brent_8_CTTGGAA_S9_R1_001.fastq.gz,,reverse
WT_Minimal_HisMetLeuUra_Galactose_2_90_none_1,/scratch/mblab/chasem/rnaseq_pipeline/scratch_sequence/run_2138_samples/2138_Brent_9_CCGATTA_S10_R1_001.fastq.gz,,reverse
WT_Minimal_HisMetLeuUra_Galactose_2_90_none_2,/scratch/mblab/chasem/rnaseq_pipeline/scratch_sequence/run_2138_samples/2138_Brent_10_GGCAGCG_S11_R1_001.fastq.gz,,reverse
WT_Minimal_HisMetLeuUra_Galactose_2_180_none_1,/scratch/mblab/chasem/rnaseq_pipeline/scratch_sequence/run_2138_samples/2138_Brent_11_CCATCAT_S12_R1_001.fastq.gz,,reverse
WT_Minimal_HisMetLeuUra_Galactose_2_180_none_2,/scratch/mblab/chasem/rnaseq_pipeline/scratch_sequence/run_2138_samples/2138_Brent_12_TAACAAG_S13_R1_001.fastq.gz,,reverse
WT_Minimal_HisMetLeuUra_Galactose_2_300_none_1,/scratch/mblab/chasem/rnaseq_pipeline/scratch_sequence/run_2138_samples/2138_Brent_13_GAGGCGT_S14_R1_001.fastq.gz,,reverse
WT_Minimal_HisMetLeuUra_Galactose_2_300_none_2,/scratch/mblab/chasem/rnaseq_pipeline/scratch_sequence/run_2138_samples/2138_Brent_14_TTTAACT_S15_R1_001.fastq.gz,,reverse
WT_YPD_none_none_2_1440_none_4,/scratch/mblab/chasem/rnaseq_pipeline/scratch_sequence/run_2138_samples/2138_Brent_15_GGTCCTC_S16_R1_001.fastq.gz,,reverse
WT_YPD_none_none_2_1440_none_5,/scratch/mblab/chasem/rnaseq_pipeline/scratch_sequence/run_2138_samples/2138_Brent_16_CGGTGGC_S17_R1_001.fastq.gz,,reverse
WT_YPD_none_none_2_1440_none_6,/scratch/mblab/chasem/rnaseq_pipeline/scratch_sequence/run_2138_samples/2138_Brent_17_ACTGTCG_S18_R1_001.fastq.gz,,reverse
YGL035C_YBR033W_Minimal_HisMetLeuUra_Glucose_0.001_-1_none_3,/scratch/mblab/chasem/rnaseq_pipeline/scratch_sequence/run_2325_samples/2325_Brent_1_CGATGT_S1_R1_001.fastq.gz,,reverse
YGL035C_YBR033W_Minimal_HisMetLeuUra_Glucose_2_30_none_3,/scratch/mblab/chasem/rnaseq_pipeline/scratch_sequence/run_2325_samples/2325_Brent_2_TGACCA_S2_R1_001.fastq.gz,,reverse
YGL035C_YBR033W_Minimal_HisMetLeuUra_Glucose_2_45_none_3,/scratch/mblab/chasem/rnaseq_pipeline/scratch_sequence/run_2325_samples/2325_Brent_3_GCCAAT_S3_R1_001.fastq.gz,,reverse
YGL035C_YBR033W_Minimal_HisMetLeuUra_Glucose_2_60_none_3,/scratch/mblab/chasem/rnaseq_pipeline/scratch_sequence/run_2325_samples/2325_Brent_4_TGAGGTT_S4_R1_001.fastq.gz,,reverse
YGL035C_YBR033W_Minimal_HisMetLeuUra_Glucose_2_90_none_3,/scratch/mblab/chasem/rnaseq_pipeline/scratch_sequence/run_2325_samples/2325_Brent_5_GCTTAGA_S5_R1_001.fastq.gz,,reverse
YGL035C_YBR033W_Minimal_HisMetLeuUra_Glucose_2_180_none_2,/scratch/mblab/chasem/rnaseq_pipeline/scratch_sequence/run_2325_samples/2325_Brent_6_ATGACAG_S6_R1_001.fastq.gz,,reverse
YGL035C_YBR033W_Minimal_HisMetLeuUra_Glucose_2_300_none_3,/scratch/mblab/chasem/rnaseq_pipeline/scratch_sequence/run_2325_samples/2325_Brent_7_CACCTCC_S7_R1_001.fastq.gz,,reverse
YGL035C_YBR033W_Minimal_HisMetLeuUra_Glucose_2_30_none_4,/scratch/mblab/chasem/rnaseq_pipeline/scratch_sequence/run_2325_samples/2325_Brent_9_TACTCTA_S8_R1_001.fastq.gz,,reverse
YGL035C_YBR033W_Minimal_HisMetLeuUra_Glucose_2_45_none_4,/scratch/mblab/chasem/rnaseq_pipeline/scratch_sequence/run_2325_samples/2325_Brent_10_AGACTGA_S9_R1_001.fastq.gz,,reverse
YGL035C_YBR033W_Minimal_HisMetLeuUra_Glucose_2_60_none_4,/scratch/mblab/chasem/rnaseq_pipeline/scratch_sequence/run_2325_samples/2325_Brent_11_CTTGGAA_S10_R1_001.fastq.gz,,reverse
YGL035C_YBR033W_Minimal_HisMetLeuUra_Glucose_2_90_none_4,/scratch/mblab/chasem/rnaseq_pipeline/scratch_sequence/run_2325_samples/2325_Brent_12_CCGATTA_S11_R1_001.fastq.gz,,reverse
YGL035C_YBR033W_Minimal_HisMetLeuUra_Glucose_2_300_none_4,/scratch/mblab/chasem/rnaseq_pipeline/scratch_sequence/run_2325_samples/2325_Brent_13_GGCAGCG_S12_R1_001.fastq.gz,,reverse
YGL209W_YKL038W_Minimal_HisMetLeuUra_Glucose_0.001_-1_none_3,/scratch/mblab/chasem/rnaseq_pipeline/scratch_sequence/run_2325_samples/2325_Brent_14_CCATCAT_S13_R1_001.fastq.gz,,reverse
YGL209W_YKL038W_Minimal_HisMetLeuUra_Glucose_2_45_none_3,/scratch/mblab/chasem/rnaseq_pipeline/scratch_sequence/run_2325_samples/2325_Brent_15_TAACAAG_S14_R1_001.fastq.gz,,reverse
YGL209W_YKL038W_Minimal_HisMetLeuUra_Glucose_2_60_none_3,/scratch/mblab/chasem/rnaseq_pipeline/scratch_sequence/run_2325_samples/2325_Brent_16_GAGGCGT_S15_R1_001.fastq.gz,,reverse
YGL209W_YKL038W_Minimal_HisMetLeuUra_Glucose_2_90_none_2,/scratch/mblab/chasem/rnaseq_pipeline/scratch_sequence/run_2325_samples/2325_Brent_17_TTTAACT_S16_R1_001.fastq.gz,,reverse
YGL209W_YKL038W_Minimal_HisMetLeuUra_Glucose_2_180_none_3,/scratch/mblab/chasem/rnaseq_pipeline/scratch_sequence/run_2325_samples/2325_Brent_18_GGTCCTC_S17_R1_001.fastq.gz,,reverse
YGL209W_YKL038W_Minimal_HisMetLeuUra_Glucose_2_300_none_3,/scratch/mblab/chasem/rnaseq_pipeline/scratch_sequence/run_2325_samples/2325_Brent_19_CGGTGGC_S18_R1_001.fastq.gz,,reverse
YGL209W_YKL038W_Minimal_HisMetLeuUra_Glucose_0.001_-1_none_4,/scratch/mblab/chasem/rnaseq_pipeline/scratch_sequence/run_2325_samples/2325_Brent_20_ACTGTCG_S19_R1_001.fastq.gz,,reverse
YGL209W_YKL038W_Minimal_HisMetLeuUra_Glucose_2_45_none_4,/scratch/mblab/chasem/rnaseq_pipeline/scratch_sequence/run_2325_samples/2325_Brent_21_GTATTTG_S20_R1_001.fastq.gz,,reverse
YGL209W_YKL038W_Minimal_HisMetLeuUra_Glucose_2_60_none_4,/scratch/mblab/chasem/rnaseq_pipeline/scratch_sequence/run_2325_samples/2325_Brent_22_GAGTACG_S21_R1_001.fastq.gz,,reverse
YGL209W_YKL038W_Minimal_HisMetLeuUra_Glucose_2_90_none_3,/scratch/mblab/chasem/rnaseq_pipeline/scratch_sequence/run_2325_samples/2325_Brent_23_ACAGATA_S22_R1_001.fastq.gz,,reverse
YGL209W_YKL038W_Minimal_HisMetLeuUra_Glucose_2_180_none_4,/scratch/mblab/chasem/rnaseq_pipeline/scratch_sequence/run_2325_samples/2325_Brent_24_CTCAATG_S23_R1_001.fastq.gz,,reverse
YGL209W_YKL038W_Minimal_HisMetLeuUra_Glucose_2_300_none_4,/scratch/mblab/chasem/rnaseq_pipeline/scratch_sequence/run_2325_samples/2325_Brent_25_AAATGCA_S24_R1_001.fastq.gz,,reverse
YGL209W_YGL035C_Minimal_HisMetLeuUra_Glucose_0.001_-1_none_1,/scratch/mblab/chasem/rnaseq_pipeline/scratch_sequence/run_2325_samples/2325_Brent_26_ACGCGGG_S25_R1_001.fastq.gz,,reverse
YGL209W_YGL035C_Minimal_HisMetLeuUra_Glucose_2_45_none_1,/scratch/mblab/chasem/rnaseq_pipeline/scratch_sequence/run_2325_samples/2325_Brent_27_GGAGTCC_S26_R1_001.fastq.gz,,reverse
YGL209W_YGL035C_Minimal_HisMetLeuUra_Glucose_2_60_none_1,/scratch/mblab/chasem/rnaseq_pipeline/scratch_sequence/run_2325_samples/2325_Brent_28_CGTCGCT_S27_R1_001.fastq.gz,,reverse
YGL209W_YGL035C_Minimal_HisMetLeuUra_Glucose_2_90_none_1,/scratch/mblab/chasem/rnaseq_pipeline/scratch_sequence/run_2325_samples/2325_Brent_29_TCAACTG_S28_R1_001.fastq.gz,,reverse
YGL209W_YGL035C_Minimal_HisMetLeuUra_Glucose_2_180_none_1,/scratch/mblab/chasem/rnaseq_pipeline/scratch_sequence/run_2325_samples/2325_Brent_30_TGTTTGT_S29_R1_001.fastq.gz,,reverse
YGL209W_YGL035C_Minimal_HisMetLeuUra_Glucose_2_300_none_1,/scratch/mblab/chasem/rnaseq_pipeline/scratch_sequence/run_2325_samples/2325_Brent_31_TACATGG_S30_R1_001.fastq.gz,,reverse
YGL209W_YGL035C_Minimal_HisMetLeuUra_Glucose_0.001_-1_none_2,/scratch/mblab/chasem/rnaseq_pipeline/scratch_sequence/run_2325_samples/2325_Brent_32_GTTCTCA_S31_R1_001.fastq.gz,,reverse
YGL209W_YGL035C_Minimal_HisMetLeuUra_Glucose_2_45_none_2,/scratch/mblab/chasem/rnaseq_pipeline/scratch_sequence/run_2325_samples/2325_Brent_33_CTGGTGG_S32_R1_001.fastq.gz,,reverse
YGL209W_YGL035C_Minimal_HisMetLeuUra_Glucose_2_60_none_2,/scratch/mblab/chasem/rnaseq_pipeline/scratch_sequence/run_2325_samples/2325_Brent_34_TGCCCAT_S33_R1_001.fastq.gz,,reverse
YGL209W_YGL035C_Minimal_HisMetLeuUra_Glucose_2_90_none_2,/scratch/mblab/chasem/rnaseq_pipeline/scratch_sequence/run_2325_samples/2325_Brent_35_AAACCTT_S34_R1_001.fastq.gz,,reverse
YGL209W_YGL035C_Minimal_HisMetLeuUra_Glucose_2_180_none_2,/scratch/mblab/chasem/rnaseq_pipeline/scratch_sequence/run_2325_samples/2325_Brent_36_ACCATAC_S35_R1_001.fastq.gz,,reverse
YGL209W_YGL035C_Minimal_HisMetLeuUra_Glucose_2_300_none_2,/scratch/mblab/chasem/rnaseq_pipeline/scratch_sequence/run_2325_samples/2325_Brent_37_AATACGC_S36_R1_001.fastq.gz,,reverse
YGL035C_YKL038W_Minimal_HisMetLeu_Glucose_0.001_-1_none_1,/scratch/mblab/chasem/rnaseq_pipeline/scratch_sequence/run_2325_samples/2325_Brent_38_CGCTACA_S37_R1_001.fastq.gz,,reverse
YGL035C_YKL038W_Minimal_HisMetLeu_Glucose_2_30_none_1,/scratch/mblab/chasem/rnaseq_pipeline/scratch_sequence/run_2325_samples/2325_Brent_39_TGGCATA_S38_R1_001.fastq.gz,,reverse
YGL035C_YKL038W_Minimal_HisMetLeu_Glucose_2_45_none_1,/scratch/mblab/chasem/rnaseq_pipeline/scratch_sequence/run_2325_samples/2325_Brent_40_TTTTGTC_S39_R1_001.fastq.gz,,reverse
YGL035C_YKL038W_Minimal_HisMetLeu_Glucose_2_60_none_1,/scratch/mblab/chasem/rnaseq_pipeline/scratch_sequence/run_2325_samples/2325_Brent_41_ACCCACT_S40_R1_001.fastq.gz,,reverse
YGL035C_YKL038W_Minimal_HisMetLeu_Glucose_2_90_none_1,/scratch/mblab/chasem/rnaseq_pipeline/scratch_sequence/run_2325_samples/2325_Brent_42_CCGGACC_S41_R1_001.fastq.gz,,reverse
YGL035C_YKL038W_Minimal_HisMetLeu_Glucose_2_180_none_1,/scratch/mblab/chasem/rnaseq_pipeline/scratch_sequence/run_2325_samples/2325_Brent_43_GTACGGC_S42_R1_001.fastq.gz,,reverse
YGL035C_YKL038W_Minimal_HisMetLeu_Glucose_2_300_none_1,/scratch/mblab/chasem/rnaseq_pipeline/scratch_sequence/run_2325_samples/2325_Brent_44_TTGCCCC_S43_R1_001.fastq.gz,,reverse
YGL035C_YKL038W_Minimal_HisMetLeu_Glucose_0.001_-1_none_2,/scratch/mblab/chasem/rnaseq_pipeline/scratch_sequence/run_2325_samples/2325_Brent_45_ACTCCAA_S44_R1_001.fastq.gz,,reverse
YGL035C_YKL038W_Minimal_HisMetLeu_Glucose_2_45_none_2,/scratch/mblab/chasem/rnaseq_pipeline/scratch_sequence/run_2325_samples/2325_Brent_46_TGTGCCA_S45_R1_001.fastq.gz,,reverse
YGL035C_YKL038W_Minimal_HisMetLeu_Glucose_2_60_none_2,/scratch/mblab/chasem/rnaseq_pipeline/scratch_sequence/run_2325_samples/2325_Brent_47_AACGGAG_S46_R1_001.fastq.gz,,reverse
YGL035C_YKL038W_Minimal_HisMetLeu_Glucose_2_90_none_2,/scratch/mblab/chasem/rnaseq_pipeline/scratch_sequence/run_2325_samples/2325_Brent_48_GATAGTT_S47_R1_001.fastq.gz,,reverse
YGL035C_YKL038W_Minimal_HisMetLeu_Glucose_2_180_none_2,/scratch/mblab/chasem/rnaseq_pipeline/scratch_sequence/run_2325_samples/2325_Brent_49_GGTGAAT_S48_R1_001.fastq.gz,,reverse
YGL035C_YKL038W_Minimal_HisMetLeu_Glucose_2_300_none_2,/scratch/mblab/chasem/rnaseq_pipeline/scratch_sequence/run_2325_samples/2325_Brent_50_ATGTTCT_S49_R1_001.fastq.gz,,reverse
WT_YPD_none_none_2_1440_none_7,/scratch/mblab/chasem/rnaseq_pipeline/scratch_sequence/run_2325_samples/2325_Brent_51_GTAAAAA_S50_R1_001.fastq.gz,,reverse
WT_YPD_none_none_2_1440_none_8,/scratch/mblab/chasem/rnaseq_pipeline/scratch_sequence/run_2325_samples/2325_Brent_52_GTCTGAT_S51_R1_001.fastq.gz,,reverse
WT_YPD_none_none_2_1440_none_9,/scratch/mblab/chasem/rnaseq_pipeline/scratch_sequence/run_2325_samples/2325_Brent_53_CAATATC_S52_R1_001.fastq.gz,,reverse
YGL035C_YGL209W_YKL038W_YBR033W_Minimal_HisMetLeu_Glucose_0.001_-1_none_1,/scratch/mblab/chasem/rnaseq_pipeline/scratch_sequence/run_2385_samples/2385_Brent_1_TGAGGTT_S1_R1_001.fastq.gz,,reverse
YGL035C_YGL209W_YKL038W_YBR033W_Minimal_HisMetLeu_Glucose_0.001_-1_none_2,/scratch/mblab/chasem/rnaseq_pipeline/scratch_sequence/run_2385_samples/2385_Brent_2_GCTTAGA_S2_R1_001.fastq.gz,,reverse
YGL035C_YGL209W_YKL038W_YBR033W_Minimal_HisMetLeu_Glucose_0.001_-1_none_3,/scratch/mblab/chasem/rnaseq_pipeline/scratch_sequence/run_2385_samples/2385_Brent_3_ATGACAG_S3_R1_001.fastq.gz,,reverse
YGL035C_YGL209W_YKL038W_YBR033W_Minimal_HisMetLeu_Glucose_0.001_-1_none_4,/scratch/mblab/chasem/rnaseq_pipeline/scratch_sequence/run_2385_samples/2385_Brent_4_CACCTCC_S4_R1_001.fastq.gz,,reverse
YGL035C_YGL209W_YKL038W_YBR033W_Minimal_HisMetLeu_Glucose_2_30_none_1,/scratch/mblab/chasem/rnaseq_pipeline/scratch_sequence/run_2385_samples/2385_Brent_5_ATCGAGC_S5_R1_001.fastq.gz,,reverse
YGL035C_YGL209W_YKL038W_YBR033W_Minimal_HisMetLeu_Glucose_2_30_none_2,/scratch/mblab/chasem/rnaseq_pipeline/scratch_sequence/run_2385_samples/2385_Brent_6_TACTCTA_S6_R1_001.fastq.gz,,reverse
YGL035C_YGL209W_YKL038W_YBR033W_Minimal_HisMetLeu_Glucose_2_45_none_1,/scratch/mblab/chasem/rnaseq_pipeline/scratch_sequence/run_2385_samples/2385_Brent_7_AGACTGA_S7_R1_001.fastq.gz,,reverse
YGL035C_YGL209W_YKL038W_YBR033W_Minimal_HisMetLeu_Glucose_2_45_none_2,/scratch/mblab/chasem/rnaseq_pipeline/scratch_sequence/run_2385_samples/2385_Brent_8_CTTGGAA_S8_R1_001.fastq.gz,,reverse
YGL035C_YGL209W_YKL038W_YBR033W_Minimal_HisMetLeu_Glucose_2_45_none_3,/scratch/mblab/chasem/rnaseq_pipeline/scratch_sequence/run_2385_samples/2385_Brent_9_CCGATTA_S9_R1_001.fastq.gz,,reverse
YGL035C_YGL209W_YKL038W_YBR033W_Minimal_HisMetLeu_Glucose_2_45_none_4,/scratch/mblab/chasem/rnaseq_pipeline/scratch_sequence/run_2385_samples/2385_Brent_10_GGCAGCG_S10_R1_001.fastq.gz,,reverse
YGL035C_YGL209W_YKL038W_YBR033W_Minimal_HisMetLeu_Glucose_2_60_none_1,/scratch/mblab/chasem/rnaseq_pipeline/scratch_sequence/run_2385_samples/2385_Brent_11_CCATCAT_S11_R1_001.fastq.gz,,reverse
YGL035C_YGL209W_YKL038W_YBR033W_Minimal_HisMetLeu_Glucose_2_60_none_2,/scratch/mblab/chasem/rnaseq_pipeline/scratch_sequence/run_2385_samples/2385_Brent_12_TAACAAG_S12_R1_001.fastq.gz,,reverse
YGL035C_YGL209W_YKL038W_YBR033W_Minimal_HisMetLeu_Glucose_2_60_none_3,/scratch/mblab/chasem/rnaseq_pipeline/scratch_sequence/run_2385_samples/2385_Brent_13_GAGGCGT_S13_R1_001.fastq.gz,,reverse
YGL035C_YGL209W_YKL038W_YBR033W_Minimal_HisMetLeu_Glucose_2_60_none_4,/scratch/mblab/chasem/rnaseq_pipeline/scratch_sequence/run_2385_samples/2385_Brent_14_TTTAACT_S14_R1_001.fastq.gz,,reverse
YGL035C_YGL209W_YKL038W_YBR033W_Minimal_HisMetLeu_Glucose_2_90_none_1,/scratch/mblab/chasem/rnaseq_pipeline/scratch_sequence/run_2385_samples/2385_Brent_15_GGTCCTC_S15_R1_001.fastq.gz,,reverse
YGL035C_YGL209W_YKL038W_YBR033W_Minimal_HisMetLeu_Glucose_2_90_none_2,/scratch/mblab/chasem/rnaseq_pipeline/scratch_sequence/run_2385_samples/2385_Brent_16_CGGTGGC_S16_R1_001.fastq.gz,,reverse
YGL035C_YGL209W_YKL038W_YBR033W_Minimal_HisMetLeu_Glucose_2_90_none_3,/scratch/mblab/chasem/rnaseq_pipeline/scratch_sequence/run_2385_samples/2385_Brent_17_ACTGTCG_S17_R1_001.fastq.gz,,reverse
YGL035C_YGL209W_YKL038W_YBR033W_Minimal_HisMetLeu_Glucose_2_90_none_4,/scratch/mblab/chasem/rnaseq_pipeline/scratch_sequence/run_2385_samples/2385_Brent_18_GTATTTG_S18_R1_001.fastq.gz,,reverse
YGL035C_YGL209W_YKL038W_YBR033W_Minimal_HisMetLeu_Glucose_2_180_none_1,/scratch/mblab/chasem/rnaseq_pipeline/scratch_sequence/run_2385_samples/2385_Brent_19_GAGTACG_S19_R1_001.fastq.gz,,reverse
YGL035C_YGL209W_YKL038W_YBR033W_Minimal_HisMetLeu_Glucose_2_180_none_2,/scratch/mblab/chasem/rnaseq_pipeline/scratch_sequence/run_2385_samples/2385_Brent_20_ACAGATA_S20_R1_001.fastq.gz,,reverse
YGL035C_YGL209W_YKL038W_YBR033W_Minimal_HisMetLeu_Glucose_2_180_none_3,/scratch/mblab/chasem/rnaseq_pipeline/scratch_sequence/run_2385_samples/2385_Brent_21_CTCAATG_S21_R1_001.fastq.gz,,reverse
YGL035C_YGL209W_YKL038W_YBR033W_Minimal_HisMetLeu_Glucose_2_180_none_4,/scratch/mblab/chasem/rnaseq_pipeline/scratch_sequence/run_2385_samples/2385_Brent_22_AAATGCA_S22_R1_001.fastq.gz,,reverse
YGL035C_YGL209W_YKL038W_YBR033W_Minimal_HisMetLeu_Glucose_2_300_none_1,/scratch/mblab/chasem/rnaseq_pipeline/scratch_sequence/run_2385_samples/2385_Brent_23_ACGCGGG_S23_R1_001.fastq.gz,,reverse
YGL035C_YGL209W_YKL038W_YBR033W_Minimal_HisMetLeu_Glucose_2_300_none_2,/scratch/mblab/chasem/rnaseq_pipeline/scratch_sequence/run_2385_samples/2385_Brent_24_GGAGTCC_S24_R1_001.fastq.gz,,reverse
YGL035C_YGL209W_YKL038W_YBR033W_Minimal_HisMetLeu_Glucose_2_300_none_3,/scratch/mblab/chasem/rnaseq_pipeline/scratch_sequence/run_2385_samples/2385_Brent_25_CGTCGCT_S25_R1_001.fastq.gz,,reverse
YGL035C_YGL209W_YKL038W_YBR033W_Minimal_HisMetLeu_Glucose_2_300_none_4,/scratch/mblab/chasem/rnaseq_pipeline/scratch_sequence/run_2385_samples/2385_Brent_26_TCAACTG_S26_R1_001.fastq.gz,,reverse
WT_YPD_none_Glucose_2_1440_none_12,/scratch/mblab/chasem/rnaseq_pipeline/scratch_sequence/run_2385_samples/2385_Brent_27_TGTTTGT_S27_R1_001.fastq.gz,,reverse
WT_YPD_none_Glucose_2_1440_none_13,/scratch/mblab/chasem/rnaseq_pipeline/scratch_sequence/run_2385_samples/2385_Brent_28_TACATGG_S28_R1_001.fastq.gz,,reverse
WT_YPD_none_Glucose_2_1440_none_14,/scratch/mblab/chasem/rnaseq_pipeline/scratch_sequence/run_2385_samples/2385_Brent_29_GTTCTCA_S29_R1_001.fastq.gz,,reverse
YBR033W_Minimal_LysHisMetLeuUra_Galactose_2_4320_none_1,/scratch/mblab/chasem/rnaseq_pipeline/scratch_sequence/run_1525_samples/1525_Brent_B_Ind2_GCTTAGA_S1_R1_001.fastq.gz,,reverse
YBR033W_Minimal_LysHisMetLeuUra_Galactose_2_4320_none_2,/scratch/mblab/chasem/rnaseq_pipeline/scratch_sequence/run_1525_samples/1525_Brent_C_Ind3_ATGACAG_S2_R1_001.fastq.gz,,reverse
YKL038W_Minimal_LysHisMetLeuUra_Galactose_2_4320_none_1,/scratch/mblab/chasem/rnaseq_pipeline/scratch_sequence/run_1525_samples/1525_Brent_D_Ind4_CACCTCC_S3_R1_001.fastq.gz,,reverse
YKL038W_Minimal_LysHisMetLeuUra_Galactose_2_4320_none_2,/scratch/mblab/chasem/rnaseq_pipeline/scratch_sequence/run_1525_samples/1525_Brent_E_Ind5_ATCGAGC_S4_R1_001.fastq.gz,,reverse
YKL038W_Minimal_LysHisMetLeuUra_Galactose_2_4320_none_3,/scratch/mblab/chasem/rnaseq_pipeline/scratch_sequence/run_1525_samples/1525_Brent_F_Ind6_TACTCTA_S5_R1_001.fastq.gz,,reverse
YDR034C_Minimal_LysHisMetLeuUra_Galactose_2_4320_none_1,/scratch/mblab/chasem/rnaseq_pipeline/scratch_sequence/run_1525_samples/1525_Brent_G_Ind7_AGACTGA_S6_R1_001.fastq.gz,,reverse
YDR034C_Minimal_LysHisMetLeuUra_Galactose_2_4320_none_2,/scratch/mblab/chasem/rnaseq_pipeline/scratch_sequence/run_1525_samples/1525_Brent_H_Ind8_CTTGGAA_S7_R1_001.fastq.gz,,reverse
YDR034C_Minimal_LysHisMetLeuUra_Galactose_2_4320_none_3,/scratch/mblab/chasem/rnaseq_pipeline/scratch_sequence/run_1525_samples/1525_Brent_I_Ind9_CCGATTA_S8_R1_001.fastq.gz,,reverse
YBR033W_YDR034C_Minimal_LysHisMetLeuUra_Galactose_2_4320_none_1,/scratch/mblab/chasem/rnaseq_pipeline/scratch_sequence/run_1525_samples/1525_Brent_J_Ind10_GGCAGCG_S9_R1_001.fastq.gz,,reverse
YBR033W_YDR034C_Minimal_LysHisMetLeuUra_Galactose_2_4320_none_2,/scratch/mblab/chasem/rnaseq_pipeline/scratch_sequence/run_1525_samples/1525_Brent_K_Ind11_CCATCAT_S10_R1_001.fastq.gz,,reverse
YBR033W_YDR034C_Minimal_LysHisMetLeuUra_Galactose_2_4320_none_3,/scratch/mblab/chasem/rnaseq_pipeline/scratch_sequence/run_1525_samples/1525_Brent_L_Ind12_TAACAAG_S11_R1_001.fastq.gz,,reverse
YBR033W_YKL038W_Minimal_LysHisMetLeuUra_Galactose_2_4320_none_1,/scratch/mblab/chasem/rnaseq_pipeline/scratch_sequence/run_1525_samples/1525_Brent_M_Ind13_GAGGCGT_S12_R1_001.fastq.gz,,reverse
YBR033W_YKL038W_Minimal_LysHisMetLeuUra_Galactose_2_4320_none_2,/scratch/mblab/chasem/rnaseq_pipeline/scratch_sequence/run_1525_samples/1525_Brent_N_Ind14_TTTAACT_S13_R1_001.fastq.gz,,reverse
YBR033W_YKL038W_Minimal_LysHisMetLeuUra_Galactose_2_4320_none_3,/scratch/mblab/chasem/rnaseq_pipeline/scratch_sequence/run_1525_samples/1525_Brent_O_Ind15_GGTCCTC_S14_R1_001.fastq.gz,,reverse
WT_Minimal_LysHisMetLeuUra_Galactose_2_4320_none_1,/scratch/mblab/chasem/rnaseq_pipeline/scratch_sequence/run_1525_samples/1525_Brent_P_Ind16_CGGTGGC_S15_R1_001.fastq.gz,,reverse
WT_Minimal_LysHisMetLeuUra_Galactose_2_4320_none_2,/scratch/mblab/chasem/rnaseq_pipeline/scratch_sequence/run_1525_samples/1525_Brent_Q_Ind17_ACTGTCG_S16_R1_001.fastq.gz,,reverse
WT_Minimal_LysHisMetLeuUra_Galactose_2_4320_none_3,/scratch/mblab/chasem/rnaseq_pipeline/scratch_sequence/run_1525_samples/1525_Brent_R_Ind18_GTATTTG_S17_R1_001.fastq.gz,,reverse
WT_YPD_none_Glucose_2_1440_none_15,/scratch/mblab/chasem/rnaseq_pipeline/scratch_sequence/run_1525_samples/1525_Brent_S_Ind19_GAGTACG_S18_R1_001.fastq.gz,,reverse
WT_YPD_none_Glucose_2_1440_none_16,/scratch/mblab/chasem/rnaseq_pipeline/scratch_sequence/run_1525_samples/1525_Brent_T_Ind20_ACAGATA_S19_R1_001.fastq.gz,,reverse
YBR033W_Minimal_HisMetLeuUra_Galactose_2_4320_none_1,/scratch/mblab/chasem/rnaseq_pipeline/scratch_sequence/run_1525_samples/1525_Brent_U_Ind21_CTCAATG_S20_R1_001.fastq.gz,,reverse
YBR033W_Minimal_HisMetLeuUra_Galactose_2_4320_none_2,/scratch/mblab/chasem/rnaseq_pipeline/scratch_sequence/run_1525_samples/1525_Brent_V_Ind22_AAATGCA_S21_R1_001.fastq.gz,,reverse
YBR033W_Minimal_HisMetLeuUra_Galactose_2_4320_none_3,/scratch/mblab/chasem/rnaseq_pipeline/scratch_sequence/run_1525_samples/1525_Brent_W_Ind23_ACGCGGG_S22_R1_001.fastq.gz,,reverse
YKL038W_Minimal_HisMetLeuUra_Galactose_2_4320_none_1,/scratch/mblab/chasem/rnaseq_pipeline/scratch_sequence/run_1525_samples/1525_Brent_X_Ind24_GGAGTCC_S23_R1_001.fastq.gz,,reverse
YKL038W_Minimal_HisMetLeuUra_Galactose_2_4320_none_2,/scratch/mblab/chasem/rnaseq_pipeline/scratch_sequence/run_1525_samples/1525_Brent_Y_Ind25_CGTCGCT_S24_R1_001.fastq.gz,,reverse
YKL038W_Minimal_HisMetLeuUra_Galactose_2_4320_none_3,/scratch/mblab/chasem/rnaseq_pipeline/scratch_sequence/run_1525_samples/1525_Brent_Z_Ind26_TCAACTG_S25_R1_001.fastq.gz,,reverse
YDR034C_Minimal_HisMetLeuUra_Galactose_2_4320_none_1,/scratch/mblab/chasem/rnaseq_pipeline/scratch_sequence/run_1525_samples/1525_Brent_AA_Ind27_TGTTTGT_S26_R1_001.fastq.gz,,reverse
YDR034C_Minimal_HisMetLeuUra_Galactose_2_4320_none_2,/scratch/mblab/chasem/rnaseq_pipeline/scratch_sequence/run_1525_samples/1525_Brent_BB_Ind28_TACATGG_S27_R1_001.fastq.gz,,reverse
YDR034C_Minimal_HisMetLeuUra_Galactose_2_4320_none_3,/scratch/mblab/chasem/rnaseq_pipeline/scratch_sequence/run_1525_samples/1525_Brent_CC_Ind29_GTTCTCA_S28_R1_001.fastq.gz,,reverse
YBR033W_YDR034C_Minimal_HisMetLeuUra_Galactose_2_4320_none_1,/scratch/mblab/chasem/rnaseq_pipeline/scratch_sequence/run_1525_samples/1525_Brent_DD_Ind30_CTGGTGG_S29_R1_001.fastq.gz,,reverse
YBR033W_YDR034C_Minimal_HisMetLeuUra_Galactose_2_4320_none_2,/scratch/mblab/chasem/rnaseq_pipeline/scratch_sequence/run_1525_samples/1525_Brent_EE_Ind31_TGCCCAT_S30_R1_001.fastq.gz,,reverse
YBR033W_YDR034C_Minimal_HisMetLeuUra_Galactose_2_4320_none_3,/scratch/mblab/chasem/rnaseq_pipeline/scratch_sequence/run_1525_samples/1525_Brent_FF_Ind32_AAACCTT_S31_R1_001.fastq.gz,,reverse
YBR033W_YKL038W_Minimal_HisMetLeuUra_Galactose_2_4320_none_1,/scratch/mblab/chasem/rnaseq_pipeline/scratch_sequence/run_1525_samples/1525_Brent_GG_Ind33_ACCATAC_S32_R1_001.fastq.gz,,reverse
YBR033W_YKL038W_Minimal_HisMetLeuUra_Galactose_2_4320_none_2,/scratch/mblab/chasem/rnaseq_pipeline/scratch_sequence/run_1525_samples/1525_Brent_HH_Ind34_AATACGC_S33_R1_001.fastq.gz,,reverse
YBR033W_YKL038W_Minimal_HisMetLeuUra_Galactose_2_4320_none_3,/scratch/mblab/chasem/rnaseq_pipeline/scratch_sequence/run_1525_samples/1525_Brent_II_Ind35_CGCTACA_S34_R1_001.fastq.gz,,reverse
WT_Minimal_HisMetLeuUra_Galactose_2_4320_none_1,/scratch/mblab/chasem/rnaseq_pipeline/scratch_sequence/run_1525_samples/1525_Brent_JJ_Ind36_TGGCATA_S35_R1_001.fastq.gz,,reverse
WT_Minimal_HisMetLeuUra_Galactose_2_4320_none_2,/scratch/mblab/chasem/rnaseq_pipeline/scratch_sequence/run_1525_samples/1525_Brent_KK_Ind37_TTTTGTC_S36_R1_001.fastq.gz,,reverse
WT_Minimal_HisMetLeuUra_Galactose_2_4320_none_3,/scratch/mblab/chasem/rnaseq_pipeline/scratch_sequence/run_1525_samples/1525_Brent_LL_Ind38_ACCCACT_S37_R1_001.fastq.gz,,reverse
WT_YPD_none_Glucose_2_1440_none_17,/scratch/mblab/chasem/rnaseq_pipeline/scratch_sequence/run_1525_samples/1525_Brent_MM_Ind39_CCGGACC_S38_R1_001.fastq.gz,,reverse
YDR477W_Minimal_HisMetLeuUra_Glucose_0.001_-1_none_1,/scratch/mblab/chasem/rnaseq_pipeline/scratch_sequence/run_2905_samples/2905_Brent_YDR477W-04-11-14-T-1A_GTAC_1_TGAGGTT_S2_R1_001.fastq.gz,,reverse
YDR477W_Minimal_HisMetLeuUra_Glucose_0.001_-1_none_2,/scratch/mblab/chasem/rnaseq_pipeline/scratch_sequence/run_2905_samples/2905_Brent_YDR477W-06-09-15-T-1A_GTAC_2_GCTTAGA_S3_R1_001.fastq.gz,,reverse
YDR477W_Minimal_HisMetLeuUra_Glucose_2_45_none_1,/scratch/mblab/chasem/rnaseq_pipeline/scratch_sequence/run_2905_samples/2905_Brent_YDR477W-04-11-14-T45A_GTAC_3_ATGACAG_S4_R1_001.fastq.gz,,reverse
YDR477W_Minimal_HisMetLeuUra_Glucose_2_45_none_2,/scratch/mblab/chasem/rnaseq_pipeline/scratch_sequence/run_2905_samples/2905_Brent_YDR477W-06-09-15-T45A_GTAC_4_CACCTCC_S5_R1_001.fastq.gz,,reverse
YDR477W_Minimal_HisMetLeuUra_Glucose_2_60_none_1,/scratch/mblab/chasem/rnaseq_pipeline/scratch_sequence/run_2905_samples/2905_Brent_YDR477W-04-11-14-T60A_GTAC_5_ATCGAGC_S6_R1_001.fastq.gz,,reverse
YDR477W_Minimal_HisMetLeuUra_Glucose_2_60_none_2,/scratch/mblab/chasem/rnaseq_pipeline/scratch_sequence/run_2905_samples/2905_Brent_YDR477W-06-09-15-T60A_GTAC_6_TACTCTA_S7_R1_001.fastq.gz,,reverse
YDR477W_Minimal_HisMetLeuUra_Glucose_2_90_none_1,/scratch/mblab/chasem/rnaseq_pipeline/scratch_sequence/run_2905_samples/2905_Brent_YDR477W-04-11-14-T90A_GTAC_7_AGACTGA_S8_R1_001.fastq.gz,,reverse
YDR477W_Minimal_HisMetLeuUra_Glucose_2_90_none_2,/scratch/mblab/chasem/rnaseq_pipeline/scratch_sequence/run_2905_samples/2905_Brent_YDR477W-06-09-15-T90A_GTAC_8_CTTGGAA_S9_R1_001.fastq.gz,,reverse
YDR477W_Minimal_HisMetLeuUra_Glucose_2_180_none_1,/scratch/mblab/chasem/rnaseq_pipeline/scratch_sequence/run_2905_samples/2905_Brent_YDR477W-04-11-14-T180A_GTAC_9_CCGATTA_S10_R1_001.fastq.gz,,reverse
YDR477W_Minimal_HisMetLeuUra_Glucose_2_180_none_2,/scratch/mblab/chasem/rnaseq_pipeline/scratch_sequence/run_2905_samples/2905_Brent_YDR477W-06-09-15-T180A_GTAC_10_GGCAGCG_S11_R1_001.fastq.gz,,reverse
YDR477W_Minimal_HisMetLeuUra_Glucose_2_300_none_1,/scratch/mblab/chasem/rnaseq_pipeline/scratch_sequence/run_2905_samples/2905_Brent_YDR477W-04-11-14-T300A_GTAC_11_CCATCAT_S12_R1_001.fastq.gz,,reverse
YDR477W_Minimal_HisMetLeuUra_Glucose_2_300_none_2,/scratch/mblab/chasem/rnaseq_pipeline/scratch_sequence/run_2905_samples/2905_Brent_YDR477W-06-09-15-T300A_GTAC_12_TAACAAG_S13_R1_001.fastq.gz,,reverse
WT_YPD_none_Glucose_2_1440_none_18,/scratch/mblab/chasem/rnaseq_pipeline/scratch_sequence/run_2905_samples/2905_Brent_WT1_GTAC_13_GAGGCGT_S14_R1_001.fastq.gz,,reverse
WT_YPD_none_Glucose_2_1440_none_19,/scratch/mblab/chasem/rnaseq_pipeline/scratch_sequence/run_2905_samples/2905_Brent_WT2_GTAC_14_TTTAACT_S15_R1_001.fastq.gz,,reverse
WT_YPD_none_Glucose_2_1440_none_20,/scratch/mblab/chasem/rnaseq_pipeline/scratch_sequence/run_2905_samples/2905_Brent_WT3_GTAC_15_GGTCCTC_S16_R1_001.fastq.gz,,reverse
YDR477W_Minimal_HisMetLeuUra_Glucose_0.001_-1_none_3,/scratch/mblab/chasem/rnaseq_pipeline/scratch_sequence/run_2905_samples/2905_Brent_YDR477W-04-11-14-T-1A-SB_GTAC_16_CGGTGGC_S17_R1_001.fastq.gz,,reverse
YDR477W_Minimal_HisMetLeuUra_Glucose_0.001_-1_none_4,/scratch/mblab/chasem/rnaseq_pipeline/scratch_sequence/run_2905_samples/2905_Brent_YDR477W-06-09-15-T-1A-SB_GTAC_17_ACTGTCG_S18_R1_001.fastq.gz,,reverse
YDR477W_Minimal_HisMetLeuUra_Glucose_2_45_none_3,/scratch/mblab/chasem/rnaseq_pipeline/scratch_sequence/run_2905_samples/2905_Brent_YDR477W-04-11-14-T45A-SB_GTAC_18_GTATTTG_S19_R1_001.fastq.gz,,reverse
WT_YPD_none_Glucose_2_1440_none_21,/scratch/mblab/chasem/rnaseq_pipeline/scratch_sequence/run_2905_samples/2905_Brent_WT-SB1_GTAC_19_GAGTACG_S20_R1_001.fastq.gz,,reverse
WT_YPD_none_Glucose_2_1440_none_22,/scratch/mblab/chasem/rnaseq_pipeline/scratch_sequence/run_2905_samples/2905_Brent_WT-SB2_GTAC_20_ACAGATA_S21_R1_001.fastq.gz,,reverse
WT_YPD_none_Glucose_2_1440_none_23,/scratch/mblab/chasem/rnaseq_pipeline/scratch_sequence/run_2905_samples/2905_Brent_WT-SB3_GTAC_21_CTCAATG_S22_R1_001.fastq.gz,,reverse
YDR477W_Minimal_HisMetLeuUra_Glucose_2_-1_cAMP_1,/scratch/mblab/chasem/rnaseq_pipeline/scratch_sequence/run_3067_samples/3067_Brent_8_GTAC_8_CTTGGAAATCTC_S9_R1_001.fastq.gz,,reverse
YDR477W_Minimal_HisMetLeuUra_Glucose_2_30_cAMP_1,/scratch/mblab/chasem/rnaseq_pipeline/scratch_sequence/run_3067_samples/3067_Brent_9_GTAC_9_CCGATTAATCTC_S10_R1_001.fastq.gz,,reverse
YDR477W_Minimal_HisMetLeuUra_Glucose_2_45_cAMP_1,/scratch/mblab/chasem/rnaseq_pipeline/scratch_sequence/run_3067_samples/3067_Brent_10_GTAC_10_GGCAGCGATCTC_S11_R1_001.fastq.gz,,reverse
YDR477W_Minimal_HisMetLeuUra_Glucose_2_60_cAMP_1,/scratch/mblab/chasem/rnaseq_pipeline/scratch_sequence/run_3067_samples/3067_Brent_11_GTAC_11_CCATCATATCTC_S12_R1_001.fastq.gz,,reverse
YDR477W_Minimal_HisMetLeuUra_Glucose_2_90_cAMP_1,/scratch/mblab/chasem/rnaseq_pipeline/scratch_sequence/run_3067_samples/3067_Brent_12_GTAC_12_TAACAAGATCTC_S13_R1_001.fastq.gz,,reverse
YDR477W_Minimal_HisMetLeuUra_Glucose_2_180_cAMP_1,/scratch/mblab/chasem/rnaseq_pipeline/scratch_sequence/run_3067_samples/3067_Brent_13_GTAC_13_GAGGCGTATCTC_S14_R1_001.fastq.gz,,reverse
YDR477W_Minimal_HisMetLeuUra_Glucose_2_300_cAMP_1,/scratch/mblab/chasem/rnaseq_pipeline/scratch_sequence/run_3067_samples/3067_Brent_14_GTAC_14_TTTAACTATCTC_S15_R1_001.fastq.gz,,reverse
YDR477W_Minimal_HisMetLeuUra_Glucose_0.001_-1_cAMP_1,/scratch/mblab/chasem/rnaseq_pipeline/scratch_sequence/run_3067_samples/3067_Brent_15_GTAC_15_GGTCCTCATCTC_S16_R1_001.fastq.gz,,reverse
YDR477W_Minimal_HisMetLeuUra_Glucose_2_30_cAMP_2,/scratch/mblab/chasem/rnaseq_pipeline/scratch_sequence/run_3067_samples/3067_Brent_16_GTAC_16_CGGTGGCATCTC_S17_R1_001.fastq.gz,,reverse
YDR477W_Minimal_HisMetLeuUra_Glucose_2_45_cAMP_2,/scratch/mblab/chasem/rnaseq_pipeline/scratch_sequence/run_3067_samples/3067_Brent_17_GTAC_17_ACTGTCGATCTC_S18_R1_001.fastq.gz,,reverse
YDR477W_Minimal_HisMetLeuUra_Glucose_2_60_cAMP_2,/scratch/mblab/chasem/rnaseq_pipeline/scratch_sequence/run_3067_samples/3067_Brent_18_GTAC_18_GTATTTGATCTC_S19_R1_001.fastq.gz,,reverse
YDR477W_Minimal_HisMetLeuUra_Glucose_2_90_cAMP_2,/scratch/mblab/chasem/rnaseq_pipeline/scratch_sequence/run_3067_samples/3067_Brent_19_GTAC_19_GAGTACGATCTC_S20_R1_001.fastq.gz,,reverse
YDR477W_Minimal_HisMetLeuUra_Glucose_2_180_cAMP_2,/scratch/mblab/chasem/rnaseq_pipeline/scratch_sequence/run_3067_samples/3067_Brent_20_GTAC_20_ACAGATAATCTC_S21_R1_001.fastq.gz,,reverse
YDR477W_Minimal_HisMetLeuUra_Glucose_2_300_cAMP_2,/scratch/mblab/chasem/rnaseq_pipeline/scratch_sequence/run_3067_samples/3067_Brent_21_GTAC_21_CTCAATGATCTC_S22_R1_001.fastq.gz,,reverse
WT_Minimal_HisMetLeuUra_Galactose_0.0015_-1_none_3,/scratch/mblab/chasem/rnaseq_pipeline/scratch_sequence/run_3067_samples/3067_Brent_22_GTAC_22_AAATGCAATCTC_S23_R1_001.fastq.gz,,reverse
WT_Minimal_HisMetLeuUra_Galactose_2_30_none_3,/scratch/mblab/chasem/rnaseq_pipeline/scratch_sequence/run_3067_samples/3067_Brent_23_GTAC_23_ACGCGGGATCTC_S24_R1_001.fastq.gz,,reverse
WT_Minimal_HisMetLeuUra_Galactose_2_45_none_3,/scratch/mblab/chasem/rnaseq_pipeline/scratch_sequence/run_3067_samples/3067_Brent_24_GTAC_24_GGAGTCCATCTC_S25_R1_001.fastq.gz,,reverse
WT_Minimal_HisMetLeuUra_Galactose_2_60_none_3,/scratch/mblab/chasem/rnaseq_pipeline/scratch_sequence/run_3067_samples/3067_Brent_25_GTAC_25_CGTCGCTATCTC_S26_R1_001.fastq.gz,,reverse
WT_Minimal_HisMetLeuUra_Galactose_2_90_none_3,/scratch/mblab/chasem/rnaseq_pipeline/scratch_sequence/run_3067_samples/3067_Brent_26_GTAC_26_TCAACTGATCTC_S27_R1_001.fastq.gz,,reverse
WT_Minimal_HisMetLeuUra_Galactose_2_180_none_3,/scratch/mblab/chasem/rnaseq_pipeline/scratch_sequence/run_3067_samples/3067_Brent_27_GTAC_27_TGTTTGTATCTC_S28_R1_001.fastq.gz,,reverse
WT_Minimal_HisMetLeuUra_Galactose_2_300_none_3,/scratch/mblab/chasem/rnaseq_pipeline/scratch_sequence/run_3067_samples/3067_Brent_28_GTAC_28_TACATGGATCTC_S29_R1_001.fastq.gz,,reverse
WT_YPD_none_Glucose_2_1440_none_24,/scratch/mblab/chasem/rnaseq_pipeline/scratch_sequence/run_3067_samples/3067_Brent_36_GTAC_36_TGGCATAATCTC_S37_R1_001.fastq.gz,,reverse
WT_YPD_none_Glucose_2_1440_none_25,/scratch/mblab/chasem/rnaseq_pipeline/scratch_sequence/run_3067_samples/3067_Brent_37_GTAC_37_TTTTGTCATCTC_S38_R1_001.fastq.gz,,reverse
WT_YPD_none_Glucose_2_1440_none_26,/scratch/mblab/chasem/rnaseq_pipeline/scratch_sequence/run_3067_samples/3067_Brent_38_GTAC_38_ACCCACTATCTC_S39_R1_001.fastq.gz,,reverse
YKL166C_YPL203W_Minimal_HisMetLeuUra_Glucose_0.001_-1_1NMPP7_1,/scratch/mblab/chasem/rnaseq_pipeline/scratch_sequence/run_4019_samples/4019_Brent_1_TGAGGTT_S1_R1_001.fastq.gz,,reverse
YKL166C_YPL203W_Minimal_HisMetLeuUra_Glucose_2_30_1NMPP7_1,/scratch/mblab/chasem/rnaseq_pipeline/scratch_sequence/run_4019_samples/4019_Brent_2_GCTTAGA_S2_R1_001.fastq.gz,,reverse
YKL166C_YPL203W_Minimal_HisMetLeuUra_Glucose_2_45_1NMPP7_1,/scratch/mblab/chasem/rnaseq_pipeline/scratch_sequence/run_4019_samples/4019_Brent_3_ATGACAG_S3_R1_001.fastq.gz,,reverse
YKL166C_YPL203W_Minimal_HisMetLeuUra_Glucose_2_60_1NMPP7_1,/scratch/mblab/chasem/rnaseq_pipeline/scratch_sequence/run_4019_samples/4019_Brent_4_CACCTCC_S4_R1_001.fastq.gz,,reverse
YKL166C_YPL203W_Minimal_HisMetLeuUra_Glucose_2_90_1NMPP7_1,/scratch/mblab/chasem/rnaseq_pipeline/scratch_sequence/run_4019_samples/4019_Brent_5_ATCGAGC_S5_R1_001.fastq.gz,,reverse
YKL166C_YPL203W_Minimal_HisMetLeuUra_Glucose_2_180_1NMPP7_1,/scratch/mblab/chasem/rnaseq_pipeline/scratch_sequence/run_4019_samples/4019_Brent_6_TACTCTA_S6_R1_001.fastq.gz,,reverse
YKL166C_YPL203W_Minimal_HisMetLeuUra_Glucose_2_300_1NMPP7_1,/scratch/mblab/chasem/rnaseq_pipeline/scratch_sequence/run_4019_samples/4019_Brent_7_AGACTGA_S7_R1_001.fastq.gz,,reverse
YDR477W_Minimal_HisMetLeuUra_Glucose_0.001_-1_cAMP_2,/scratch/mblab/chasem/rnaseq_pipeline/scratch_sequence/run_4019_samples/4019_Brent_8_CTTGGAA_S8_R1_001.fastq.gz,,reverse
YDR477W_Minimal_HisMetLeuUra_Glucose_2_30_cAMP_3,/scratch/mblab/chasem/rnaseq_pipeline/scratch_sequence/run_4019_samples/4019_Brent_9_CCGATTA_S9_R1_001.fastq.gz,,reverse
YDR477W_Minimal_HisMetLeuUra_Glucose_2_45_cAMP_3,/scratch/mblab/chasem/rnaseq_pipeline/scratch_sequence/run_4019_samples/4019_Brent_10_GGCAGCG_S10_R1_001.fastq.gz,,reverse
YDR477W_Minimal_HisMetLeuUra_Glucose_2_60_cAMP_3,/scratch/mblab/chasem/rnaseq_pipeline/scratch_sequence/run_4019_samples/4019_Brent_11_CCATCAT_S11_R1_001.fastq.gz,,reverse
YDR477W_Minimal_HisMetLeuUra_Glucose_2_90_cAMP_3,/scratch/mblab/chasem/rnaseq_pipeline/scratch_sequence/run_4019_samples/4019_Brent_12_TAACAAG_S12_R1_001.fastq.gz,,reverse
YDR477W_Minimal_HisMetLeuUra_Glucose_2_180_cAMP_3,/scratch/mblab/chasem/rnaseq_pipeline/scratch_sequence/run_4019_samples/4019_Brent_13_GAGGCGT_S13_R1_001.fastq.gz,,reverse
YDR477W_Minimal_HisMetLeuUra_Glucose_2_300_cAMP_3,/scratch/mblab/chasem/rnaseq_pipeline/scratch_sequence/run_4019_samples/4019_Brent_14_TTTAACT_S14_R1_001.fastq.gz,,reverse
YDR477W_Minimal_HisMetLeuUra_Glucose_0.001_-1_cAMP_3,/scratch/mblab/chasem/rnaseq_pipeline/scratch_sequence/run_4019_samples/4019_Brent_15_GGTCCTC_S15_R1_001.fastq.gz,,reverse
YDR477W_Minimal_HisMetLeuUra_Glucose_2_30_cAMP_4,/scratch/mblab/chasem/rnaseq_pipeline/scratch_sequence/run_4019_samples/4019_Brent_16_CGGTGGC_S16_R1_001.fastq.gz,,reverse
YDR477W_Minimal_HisMetLeuUra_Glucose_2_45_cAMP_4,/scratch/mblab/chasem/rnaseq_pipeline/scratch_sequence/run_4019_samples/4019_Brent_17_ACTGTCG_S17_R1_001.fastq.gz,,reverse
YDR477W_Minimal_HisMetLeuUra_Glucose_2_60_cAMP_4,/scratch/mblab/chasem/rnaseq_pipeline/scratch_sequence/run_4019_samples/4019_Brent_18_GTATTTG_S18_R1_001.fastq.gz,,reverse
YDR477W_Minimal_HisMetLeuUra_Glucose_2_90_cAMP_4,/scratch/mblab/chasem/rnaseq_pipeline/scratch_sequence/run_4019_samples/4019_Brent_19_GAGTACG_S19_R1_001.fastq.gz,,reverse
YDR477W_Minimal_HisMetLeuUra_Glucose_2_180_cAMP_4,/scratch/mblab/chasem/rnaseq_pipeline/scratch_sequence/run_4019_samples/4019_Brent_20_ACAGATA_S20_R1_001.fastq.gz,,reverse
YDR477W_Minimal_HisMetLeuUra_Glucose_2_300_cAMP_4,/scratch/mblab/chasem/rnaseq_pipeline/scratch_sequence/run_4019_samples/4019_Brent_21_CTCAATG_S21_R1_001.fastq.gz,,reverse
YKL166C_YPL203W_Minimal_HisMetLeuUra_Glucose_0.001_-1_1NMPP7_2,/scratch/mblab/chasem/rnaseq_pipeline/scratch_sequence/run_4019_samples/4019_Brent_22_AAATGCA_S22_R1_001.fastq.gz,,reverse
YKL166C_YPL203W_Minimal_HisMetLeuUra_Glucose_2_30_1NMPP7_2,/scratch/mblab/chasem/rnaseq_pipeline/scratch_sequence/run_4019_samples/4019_Brent_23_ACGCGGG_S23_R1_001.fastq.gz,,reverse
YKL166C_YPL203W_Minimal_HisMetLeuUra_Glucose_2_45_1NMPP7_2,/scratch/mblab/chasem/rnaseq_pipeline/scratch_sequence/run_4019_samples/4019_Brent_24_GGAGTCC_S24_R1_001.fastq.gz,,reverse
YKL166C_YPL203W_Minimal_HisMetLeuUra_Glucose_2_60_1NMPP7_2,/scratch/mblab/chasem/rnaseq_pipeline/scratch_sequence/run_4019_samples/4019_Brent_25_CGTCGCT_S25_R1_001.fastq.gz,,reverse
YKL166C_YPL203W_Minimal_HisMetLeuUra_Glucose_2_90_1NMPP7_2,/scratch/mblab/chasem/rnaseq_pipeline/scratch_sequence/run_4019_samples/4019_Brent_26_TCAACTG_S26_R1_001.fastq.gz,,reverse
YKL166C_YPL203W_Minimal_HisMetLeuUra_Glucose_2_180_1NMPP7_2,/scratch/mblab/chasem/rnaseq_pipeline/scratch_sequence/run_4019_samples/4019_Brent_27_TGTTTGT_S27_R1_001.fastq.gz,,reverse
YKL166C_YPL203W_Minimal_HisMetLeuUra_Glucose_2_300_1NMPP7_2,/scratch/mblab/chasem/rnaseq_pipeline/scratch_sequence/run_4019_samples/4019_Brent_28_TACATGG_S28_R1_001.fastq.gz,,reverse
WT_Minimal_HisMetLeuUra_Galactose_0.0015_-1_none_4,/scratch/mblab/chasem/rnaseq_pipeline/scratch_sequence/run_4019_samples/4019_Brent_29_GTTCTCA_S29_R1_001.fastq.gz,,reverse
WT_Minimal_HisMetLeuUra_Galactose_2_30_none_4,/scratch/mblab/chasem/rnaseq_pipeline/scratch_sequence/run_4019_samples/4019_Brent_30_CTGGTGG_S30_R1_001.fastq.gz,,reverse
WT_Minimal_HisMetLeuUra_Galactose_2_45_none_4,/scratch/mblab/chasem/rnaseq_pipeline/scratch_sequence/run_4019_samples/4019_Brent_31_TGCCCAT_S31_R1_001.fastq.gz,,reverse
WT_Minimal_HisMetLeuUra_Galactose_2_60_none_4,/scratch/mblab/chasem/rnaseq_pipeline/scratch_sequence/run_4019_samples/4019_Brent_32_AAACCTT_S32_R1_001.fastq.gz,,reverse
WT_Minimal_HisMetLeuUra_Galactose_2_90_none_4,/scratch/mblab/chasem/rnaseq_pipeline/scratch_sequence/run_4019_samples/4019_Brent_33_ACCATAC_S33_R1_001.fastq.gz,,reverse
WT_Minimal_HisMetLeuUra_Galactose_2_180_none_4,/scratch/mblab/chasem/rnaseq_pipeline/scratch_sequence/run_4019_samples/4019_Brent_34_AATACGC_S34_R1_001.fastq.gz,,reverse
WT_Minimal_HisMetLeuUra_Galactose_2_300_none_4,/scratch/mblab/chasem/rnaseq_pipeline/scratch_sequence/run_4019_samples/4019_Brent_35_CGCTACA_S35_R1_001.fastq.gz,,reverse
WT_YPD_none_Glucose_2_1440_none_27,/scratch/mblab/chasem/rnaseq_pipeline/scratch_sequence/run_4019_samples/4019_Brent_36_TGGCATA_S36_R1_001.fastq.gz,,reverse
WT_YPD_none_Glucose_2_1440_none_28,/scratch/mblab/chasem/rnaseq_pipeline/scratch_sequence/run_4019_samples/4019_Brent_37_TTTTGTC_S37_R1_001.fastq.gz,,reverse
WT_YPD_none_Glucose_2_1440_none_29,/scratch/mblab/chasem/rnaseq_pipeline/scratch_sequence/run_4019_samples/4019_Brent_38_ACCCACT_S38_R1_001.fastq.gz,,reverse
YKL166C_YPL203W_Minimal_HisMetLeuUra_Glucose_0.001_-1_1NMPP7_3,/scratch/mblab/chasem/rnaseq_pipeline/scratch_sequence/run_3067_samples/3067_Brent_1_GTAC_1_TGAGGTTATCTC_S2_R1_001.fastq.gz,,reverse
YKL166C_YPL203W_Minimal_HisMetLeuUra_Glucose_2_30_1NMPP7_3,/scratch/mblab/chasem/rnaseq_pipeline/scratch_sequence/run_3067_samples/3067_Brent_2_GTAC_2_GCTTAGAATCTC_S3_R1_001.fastq.gz,,reverse
YKL166C_YPL203W_Minimal_HisMetLeuUra_Glucose_2_45_1NMPP7_3,/scratch/mblab/chasem/rnaseq_pipeline/scratch_sequence/run_3067_samples/3067_Brent_3_GTAC_3_ATGACAGATCTC_S4_R1_001.fastq.gz,,reverse
YKL166C_YPL203W_Minimal_HisMetLeuUra_Glucose_2_60_1NMPP7_3,/scratch/mblab/chasem/rnaseq_pipeline/scratch_sequence/run_3067_samples/3067_Brent_4_GTAC_4_CACCTCCATCTC_S5_R1_001.fastq.gz,,reverse
YKL166C_YPL203W_Minimal_HisMetLeuUra_Glucose_2_90_1NMPP7_3,/scratch/mblab/chasem/rnaseq_pipeline/scratch_sequence/run_3067_samples/3067_Brent_5_GTAC_5_ATCGAGCATCTC_S6_R1_001.fastq.gz,,reverse
YKL166C_YPL203W_Minimal_HisMetLeuUra_Glucose_2_180_1NMPP7_3,/scratch/mblab/chasem/rnaseq_pipeline/scratch_sequence/run_3067_samples/3067_Brent_6_GTAC_6_TACTCTAATCTC_S7_R1_001.fastq.gz,,reverse
YKL166C_YPL203W_Minimal_HisMetLeuUra_Glucose_2_300_1NMPP7_3,/scratch/mblab/chasem/rnaseq_pipeline/scratch_sequence/run_3067_samples/3067_Brent_7_GTAC_7_AGACTGAATCTC_S8_R1_001.fastq.gz,,reverse
YKL166C_YPL203W_Minimal_HisMetLeuUra_Glucose_0.001_-1_1NMPP7_4,/scratch/mblab/chasem/rnaseq_pipeline/scratch_sequence/run_3067_samples/3067_Brent_29_GTAC_29_GTTCTCAATCTC_S30_R1_001.fastq.gz,,reverse
YKL166C_YPL203W_Minimal_HisMetLeuUra_Glucose_2_30_1NMPP7_4,/scratch/mblab/chasem/rnaseq_pipeline/scratch_sequence/run_3067_samples/3067_Brent_30_GTAC_30_CTGGTGGATCTC_S31_R1_001.fastq.gz,,reverse
YKL166C_YPL203W_Minimal_HisMetLeuUra_Glucose_2_45_1NMPP7_4,/scratch/mblab/chasem/rnaseq_pipeline/scratch_sequence/run_3067_samples/3067_Brent_31_GTAC_31_TGCCCATATCTC_S32_R1_001.fastq.gz,,reverse
YKL166C_YPL203W_Minimal_HisMetLeuUra_Glucose_2_60_1NMPP7_4,/scratch/mblab/chasem/rnaseq_pipeline/scratch_sequence/run_3067_samples/3067_Brent_32_GTAC_32_AAACCTTATCTC_S33_R1_001.fastq.gz,,reverse
YKL166C_YPL203W_Minimal_HisMetLeuUra_Glucose_2_90_1NMPP7_4,/scratch/mblab/chasem/rnaseq_pipeline/scratch_sequence/run_3067_samples/3067_Brent_33_GTAC_33_ACCATACATCTC_S34_R1_001.fastq.gz,,reverse
YKL166C_YPL203W_Minimal_HisMetLeuUra_Glucose_2_180_1NMPP7_4,/scratch/mblab/chasem/rnaseq_pipeline/scratch_sequence/run_3067_samples/3067_Brent_34_GTAC_34_AATACGCATCTC_S35_R1_001.fastq.gz,,reverse
YKL166C_YPL203W_Minimal_HisMetLeuUra_Glucose_2_300_1NMPP7_4,/scratch/mblab/chasem/rnaseq_pipeline/scratch_sequence/run_3067_samples/3067_Brent_35_GTAC_35_CGCTACAATCTC_S36_R1_001.fastq.gz,,reverse
YGL209W_YGL035C_Minimal_HisMetLeuUra_Glucose_0.001_-1_none_3,/scratch/mblab/chasem/rnaseq_pipeline/scratch_sequence/run_2477_samples/2477_Brent_22_AAATGCA_S23_R1_001.fastq.gz,,reverse
YGL209W_YGL035C_Minimal_HisMetLeuUra_Glucose_0.001_-1_none_4,/scratch/mblab/chasem/rnaseq_pipeline/scratch_sequence/run_2477_samples/2477_Brent_23_ACGCGGG_S24_R1_001.fastq.gz,,reverse
YGL209W_YGL035C_Minimal_HisMetLeuUra_Glucose_2_45_none_3,/scratch/mblab/chasem/rnaseq_pipeline/scratch_sequence/run_2477_samples/2477_Brent_24_GGAGTCC_S25_R1_001.fastq.gz,,reverse
YGL209W_YGL035C_Minimal_HisMetLeuUra_Glucose_2_45_none_4,/scratch/mblab/chasem/rnaseq_pipeline/scratch_sequence/run_2477_samples/2477_Brent_25_CGTCGCT_S26_R1_001.fastq.gz,,reverse
YGL209W_YGL035C_Minimal_HisMetLeuUra_Glucose_2_60_none_3,/scratch/mblab/chasem/rnaseq_pipeline/scratch_sequence/run_2477_samples/2477_Brent_26_TCAACTG_S27_R1_001.fastq.gz,,reverse
YGL209W_YGL035C_Minimal_HisMetLeuUra_Glucose_2_60_none_4,/scratch/mblab/chasem/rnaseq_pipeline/scratch_sequence/run_2477_samples/2477_Brent_27_TGTTTGT_S28_R1_001.fastq.gz,,reverse
YGL209W_YGL035C_Minimal_HisMetLeuUra_Glucose_2_90_none_3,/scratch/mblab/chasem/rnaseq_pipeline/scratch_sequence/run_2477_samples/2477_Brent_28_TACATGG_S29_R1_001.fastq.gz,,reverse
YGL209W_YGL035C_Minimal_HisMetLeuUra_Glucose_2_90_none_4,/scratch/mblab/chasem/rnaseq_pipeline/scratch_sequence/run_2477_samples/2477_Brent_29_GTTCTCA_S30_R1_001.fastq.gz,,reverse
YGL209W_YGL035C_Minimal_HisMetLeuUra_Glucose_2_180_none_3,/scratch/mblab/chasem/rnaseq_pipeline/scratch_sequence/run_2477_samples/2477_Brent_30_CTGGTGG_S31_R1_001.fastq.gz,,reverse
YGL209W_YGL035C_Minimal_HisMetLeuUra_Glucose_2_180_none_4,/scratch/mblab/chasem/rnaseq_pipeline/scratch_sequence/run_2477_samples/2477_Brent_31_TGCCCAT_S32_R1_001.fastq.gz,,reverse
YGL209W_YGL035C_Minimal_HisMetLeuUra_Glucose_2_300_none_3,/scratch/mblab/chasem/rnaseq_pipeline/scratch_sequence/run_2477_samples/2477_Brent_32_AAACCTT_S33_R1_001.fastq.gz,,reverse
YGL209W_YGL035C_Minimal_HisMetLeuUra_Glucose_2_300_none_4,/scratch/mblab/chasem/rnaseq_pipeline/scratch_sequence/run_2477_samples/2477_Brent_33_ACCATAC_S34_R1_001.fastq.gz,,reverse
YGL035C_YKL038W_Minimal_HisMetLeu_Glucose_0.001_-1_none_3,/scratch/mblab/chasem/rnaseq_pipeline/scratch_sequence/run_2477_samples/2477_Brent_34_AATACGC_S35_R1_001.fastq.gz,,reverse
YGL035C_YKL038W_Minimal_HisMetLeu_Glucose_0.001_-1_none_4,/scratch/mblab/chasem/rnaseq_pipeline/scratch_sequence/run_2477_samples/2477_Brent_35_CGCTACA_S36_R1_001.fastq.gz,,reverse
YGL035C_YKL038W_Minimal_HisMetLeu_Glucose_2_30_none_2,/scratch/mblab/chasem/rnaseq_pipeline/scratch_sequence/run_2477_samples/2477_Brent_36_TGGCATA_S37_R1_001.fastq.gz,,reverse
YGL035C_YKL038W_Minimal_HisMetLeu_Glucose_2_45_none_3,/scratch/mblab/chasem/rnaseq_pipeline/scratch_sequence/run_2477_samples/2477_Brent_37_TTTTGTC_S38_R1_001.fastq.gz,,reverse
YGL035C_YKL038W_Minimal_HisMetLeu_Glucose_2_45_none_4,/scratch/mblab/chasem/rnaseq_pipeline/scratch_sequence/run_2477_samples/2477_Brent_38_ACCCACT_S39_R1_001.fastq.gz,,reverse
YGL035C_YKL038W_Minimal_HisMetLeu_Glucose_2_60_none_3,/scratch/mblab/chasem/rnaseq_pipeline/scratch_sequence/run_2477_samples/2477_Brent_39_CCGGACC_S40_R1_001.fastq.gz,,reverse
YGL035C_YKL038W_Minimal_HisMetLeu_Glucose_2_60_none_4,/scratch/mblab/chasem/rnaseq_pipeline/scratch_sequence/run_2477_samples/2477_Brent_40_GTACGGC_S41_R1_001.fastq.gz,,reverse
YGL035C_YKL038W_Minimal_HisMetLeu_Glucose_2_90_none_3,/scratch/mblab/chasem/rnaseq_pipeline/scratch_sequence/run_2477_samples/2477_Brent_41_TTGCCCC_S42_R1_001.fastq.gz,,reverse
YGL035C_YKL038W_Minimal_HisMetLeu_Glucose_2_90_none_4,/scratch/mblab/chasem/rnaseq_pipeline/scratch_sequence/run_2477_samples/2477_Brent_42_ACTCCAA_S43_R1_001.fastq.gz,,reverse
YGL035C_YKL038W_Minimal_HisMetLeu_Glucose_2_180_none_3,/scratch/mblab/chasem/rnaseq_pipeline/scratch_sequence/run_2477_samples/2477_Brent_43_TGTGCCA_S44_R1_001.fastq.gz,,reverse
YGL035C_YKL038W_Minimal_HisMetLeu_Glucose_2_180_none_4,/scratch/mblab/chasem/rnaseq_pipeline/scratch_sequence/run_2477_samples/2477_Brent_44_AACGGAG_S45_R1_001.fastq.gz,,reverse
YGL035C_YKL038W_Minimal_HisMetLeu_Glucose_2_300_none_3,/scratch/mblab/chasem/rnaseq_pipeline/scratch_sequence/run_2477_samples/2477_Brent_45_GATAGTT_S46_R1_001.fastq.gz,,reverse
YGL035C_YKL038W_Minimal_HisMetLeu_Glucose_2_300_none_4,/scratch/mblab/chasem/rnaseq_pipeline/scratch_sequence/run_2477_samples/2477_Brent_46_GGTGAAT_S47_R1_001.fastq.gz,,reverse
WT_YPD_none_Glucose_2_1440_none_30,/scratch/mblab/chasem/rnaseq_pipeline/scratch_sequence/run_2477_samples/2477_Brent_47_ATGTTCT_S48_R1_001.fastq.gz,,reverse
WT_YPD_none_Glucose_2_1440_none_31,/scratch/mblab/chasem/rnaseq_pipeline/scratch_sequence/run_2477_samples/2477_Brent_48_GTAAAAA_S49_R1_001.fastq.gz,,reverse
WT_YPD_none_Glucose_2_1440_none_32,/scratch/mblab/chasem/rnaseq_pipeline/scratch_sequence/run_2477_samples/2477_Brent_49_GTCTGAT_S50_R1_001.fastq.gz,,reverse
YBR033W_YKL038W_Minimal_HisMetLeuUra_Glucose_0.001_-1_none_3,/scratch/mblab/chasem/rnaseq_pipeline/scratch_sequence/run_2574_samples/2574_Brent_52_GTAC52_GCCGTTTA_S52_R1_001.fastq.gz,,reverse
YBR033W_YKL038W_Minimal_HisMetLeuUra_Glucose_0.001_-1_none_4,/scratch/mblab/chasem/rnaseq_pipeline/scratch_sequence/run_2574_samples/2574_Brent_53_GTAC53_TAGGTAAA_S53_R1_001.fastq.gz,,reverse
YBR033W_YKL038W_Minimal_HisMetLeuUra_Glucose_2_45_none_2,/scratch/mblab/chasem/rnaseq_pipeline/scratch_sequence/run_2574_samples/2574_Brent_54_GTAC54_TCGAGATA_S54_R1_001.fastq.gz,,reverse
YBR033W_YKL038W_Minimal_HisMetLeuUra_Glucose_2_45_none_3,/scratch/mblab/chasem/rnaseq_pipeline/scratch_sequence/run_2574_samples/2574_Brent_55_GTAC55_CATTTAGA_S55_R1_001.fastq.gz,,reverse
YBR033W_YKL038W_Minimal_HisMetLeuUra_Glucose_2_60_none_3,/scratch/mblab/chasem/rnaseq_pipeline/scratch_sequence/run_2574_samples/2574_Brent_56_GTAC56_TCCGGGAA_S56_R1_001.fastq.gz,,reverse
YBR033W_YKL038W_Minimal_HisMetLeuUra_Glucose_2_60_none_4,/scratch/mblab/chasem/rnaseq_pipeline/scratch_sequence/run_2574_samples/2574_Brent_57_GTAC57_CGAAAGTA_S57_R1_001.fastq.gz,,reverse
YBR033W_YKL038W_Minimal_HisMetLeuUra_Glucose_2_90_none_3,/scratch/mblab/chasem/rnaseq_pipeline/scratch_sequence/run_2574_samples/2574_Brent_58_GTAC58_GCCTCCCA_S58_R1_001.fastq.gz,,reverse
YBR033W_YKL038W_Minimal_HisMetLeuUra_Glucose_2_90_none_4,/scratch/mblab/chasem/rnaseq_pipeline/scratch_sequence/run_2574_samples/2574_Brent_59_GTAC59_AGTTATGA_S59_R1_001.fastq.gz,,reverse
YBR033W_YKL038W_Minimal_HisMetLeuUra_Glucose_2_180_none_3,/scratch/mblab/chasem/rnaseq_pipeline/scratch_sequence/run_2574_samples/2574_Brent_60_GTAC60_CTGCAATA_S60_R1_001.fastq.gz,,reverse
YBR033W_YKL038W_Minimal_HisMetLeuUra_Glucose_2_180_none_4,/scratch/mblab/chasem/rnaseq_pipeline/scratch_sequence/run_2574_samples/2574_Brent_61_GTAC61_CAAGCCGA_S61_R1_001.fastq.gz,,reverse
YBR033W_YKL038W_Minimal_HisMetLeuUra_Glucose_2_300_none_3,/scratch/mblab/chasem/rnaseq_pipeline/scratch_sequence/run_2574_samples/2574_Brent_62_GTAC62_GGGTCAAA_S62_R1_001.fastq.gz,,reverse
YBR033W_YKL038W_Minimal_HisMetLeuUra_Glucose_2_300_none_4,/scratch/mblab/chasem/rnaseq_pipeline/scratch_sequence/run_2574_samples/2574_Brent_63_GTAC63_GCAACGCA_S63_R1_001.fastq.gz,,reverse
WT_YPD_none_Glucose_2_1440_none_33,/scratch/mblab/chasem/rnaseq_pipeline/scratch_sequence/run_2574_samples/2574_Brent_64_GTAC64_TGATTACA_S64_R1_001.fastq.gz,,reverse
WT_YPD_none_Glucose_2_1440_none_34,/scratch/mblab/chasem/rnaseq_pipeline/scratch_sequence/run_2574_samples/2574_Brent_65_GTAC65_TGCTGGGA_S65_R1_001.fastq.gz,,reverse
WT_YPD_none_Glucose_2_1440_none_35,/scratch/mblab/chasem/rnaseq_pipeline/scratch_sequence/run_2574_samples/2574_Brent_66_GTAC66_GACACAGA_S66_R1_001.fastq.gz,,reverse
